{
"type": "FeatureCollection",
"name": "zone_features",
"crs": { "type": "name", "properties": { "name": "urn:ogc:def:crs:OGC:1.3:CRS84" } },
"features": [
{ "type": "Feature", "properties": { "tract_fips": "06037302506", "temp_max_15h": 30.365715, "temp_max_22h": 19.1512, "exceedance_hours_30C": 80.025873913043483, "persistence_max_hours": 10.2042, "peak_hour_mode": 16.0, "elevation_m": 150.84402122545632, "distance_to_coast_km": 26.667174497066501, "pop_over_65_pct": 19.0, "median_income": 61283.0, "pop_density": 3582.1257922215386, "impervious_surface_pct": 36.792629373071406, "approx_location": "Glendale", "n_tiles": 92, "tract_area_km2": 0.91063245380252122, "CIscoreP": 89.14523449000001, "pollution_burden_pctl": 82.47666459, "population_char_pctl": 84.64447806 }, "geometry": { "type": "Polygon", "coordinates": [ [ [ -118.242300000293938, 34.132643000417659 ], [ -118.238784999650576, 34.126232999871306 ], [ -118.252863999953888, 34.124298000361478 ], [ -118.253264999831089, 34.124449000240226 ], [ -118.253468999997452, 34.124134000270637 ], [ -118.252483000486947, 34.130062999724203 ], [ -118.248867000210552, 34.129115999652825 ], [ -118.248759000282305, 34.132648999759304 ], [ -118.249048000275565, 34.132651000065707 ], [ -118.249054000039465, 34.133675999575892 ], [ -118.241738000158165, 34.133800999892657 ], [ -118.241484999662802, 34.133118000316621 ], [ -118.242085000404799, 34.132642000347914 ], [ -118.242300000293938, 34.132643000417659 ] ] ] } },
{ "type": "Feature", "properties": { "tract_fips": "06037302505", "temp_max_15h": 30.54765, "temp_max_22h": 19.2114, "exceedance_hours_30C": 80.946167857142854, "persistence_max_hours": 10.6437, "peak_hour_mode": 3.0, "elevation_m": 143.58793412391762, "distance_to_coast_km": 26.040855427059807, "pop_over_65_pct": 16.8, "median_income": 35269.0, "pop_density": 8124.1592119196075, "impervious_surface_pct": 78.171136836821475, "approx_location": "Glendale", "n_tiles": 56, "tract_area_km2": 0.53864035475567962, "CIscoreP": 96.1674231, "pollution_burden_pctl": 95.69383945, "population_char_pctl": 85.41351488 }, "geometry": { "type": "Polygon", "coordinates": [ [ [ -118.249053839271809, 34.133648579961694 ], [ -118.249048000275565, 34.132651000065707 ], [ -118.248759000282305, 34.132648999759304 ], [ -118.248867000210552, 34.129115999652825 ], [ -118.252483000486947, 34.130062999724203 ], [ -118.253468999997452, 34.124134000270637 ], [ -118.253305999724958, 34.124321999665867 ], [ -118.253640000286467, 34.12330299986391 ], [ -118.251133000180928, 34.120946999784273 ], [ -118.254257999701551, 34.118761000413279 ], [ -118.257528999912566, 34.121673000309229 ], [ -118.257403000227384, 34.121754000359893 ], [ -118.257157999897771, 34.121518999761399 ], [ -118.25610499973422, 34.122491999837528 ], [ -118.255526999981655, 34.123221999953387 ], [ -118.255053999680399, 34.124321999918529 ], [ -118.254970000373831, 34.133516000150188 ], [ -118.249053839271809, 34.133648579961694 ] ] ] } },
{ "type": "Feature", "properties": { "tract_fips": "06037207502", "temp_max_15h": 29.23593, "temp_max_22h": 19.13266, "exceedance_hours_30C": 40.785844186046511, "persistence_max_hours": 6.3849, "peak_hour_mode": 16.0, "elevation_m": 100.39046849164514, "distance_to_coast_km": 22.998970137132968, "pop_over_65_pct": 49.6, "median_income": 18594.0, "pop_density": 6922.2487295483434, "impervious_surface_pct": 77.921886459429118, "approx_location": "Los Angeles", "n_tiles": 43, "tract_area_km2": 0.41720546499178363, "CIscoreP": 88.06101866, "pollution_burden_pctl": 98.2576229, "population_char_pctl": 60.81694402 }, "geometry": { "type": "Polygon", "coordinates": [ [ [ -118.255896999590703, 34.056087000422544 ], [ -118.253400999968179, 34.054434000224866 ], [ -118.2530970004903, 34.054853999791618 ], [ -118.252697999637348, 34.05505600035967 ], [ -118.251080999880841, 34.05524099990209 ], [ -118.24775400030876, 34.053091000136249 ], [ -118.251776000301263, 34.048775999866479 ], [ -118.257838000077356, 34.052706999771218 ], [ -118.258810000316828, 34.052816000070706 ], [ -118.255896999590703, 34.056087000422544 ] ] ] } },
{ "type": "Feature", "properties": { "tract_fips": "06037207301", "temp_max_15h": 29.405855, "temp_max_22h": 19.598125, "exceedance_hours_30C": 46.800836363636364, "persistence_max_hours": 7.7302, "peak_hour_mode": 2.0, "elevation_m": 93.99014230815115, "distance_to_coast_km": 22.998069148448234, "pop_over_65_pct": 17.0, "median_income": 51667.0, "pop_density": 11478.425077339774, "impervious_surface_pct": 94.007208111395059, "approx_location": "Los Angeles", "n_tiles": 44, "tract_area_km2": 0.42784615196862597, "CIscoreP": 90.05295008, "pollution_burden_pctl": 98.89234599, "population_char_pctl": 61.38426626 }, "geometry": { "type": "Polygon", "coordinates": [ [ [ -118.254059698193117, 34.040758834584715 ], [ -118.254942999898432, 34.04159900023518 ], [ -118.257126000072091, 34.043022999574568 ], [ -118.24775400030876, 34.053091000136249 ], [ -118.245605999871202, 34.051703000350933 ], [ -118.252296999754051, 34.044524000002326 ], [ -118.250412000296478, 34.043259999755627 ], [ -118.254059698193117, 34.040758834584715 ] ] ] } },
{ "type": "Feature", "properties": { "tract_fips": "06037207102", "temp_max_15h": 29.7667, "temp_max_22h": 19.4278, "exceedance_hours_30C": 67.329329268292682, "persistence_max_hours": 10.5584, "peak_hour_mode": 16.0, "elevation_m": 97.923888288050051, "distance_to_coast_km": 24.380077798461162, "pop_over_65_pct": 27.9, "median_income": 30165.0, "pop_density": 7039.5644600809073, "impervious_surface_pct": 82.838262358127182, "approx_location": "Los Angeles", "n_tiles": 41, "tract_area_km2": 0.41565071484072619, "CIscoreP": 95.63792234, "pollution_burden_pctl": 96.66459241, "population_char_pctl": 81.85829551 }, "geometry": { "type": "Polygon", "coordinates": [ [ [ -118.236782999745145, 34.059447999868915 ], [ -118.237887000001948, 34.054108000444494 ], [ -118.2430990005019, 34.057319000390912 ], [ -118.242066000005494, 34.057976000183764 ], [ -118.241144999562962, 34.059056000085349 ], [ -118.242601999508622, 34.0598699998501 ], [ -118.242378000311916, 34.061514000292554 ], [ -118.242600000122664, 34.063548999995461 ], [ -118.241904999969037, 34.063561999798054 ], [ -118.235235000211844, 34.06130199955571 ], [ -118.236782999745145, 34.059447999868915 ] ] ] } },
{ "type": "Feature", "properties": { "tract_fips": "06037185204", "temp_max_15h": 30.0085, "temp_max_22h": 19.09425, "exceedance_hours_30C": 70.813413333333344, "persistence_max_hours": 10.0558, "peak_hour_mode": 16.0, "elevation_m": 139.12483618924762, "distance_to_coast_km": 27.298423892198219, "pop_over_65_pct": 23.9, "median_income": 86971.0, "pop_density": 1986.8183072204454, "impervious_surface_pct": 26.457494168910717, "approx_location": "Los Angeles", "n_tiles": 75, "tract_area_km2": 0.96687250817991255, "CIscoreP": 46.77256682, "pollution_burden_pctl": 53.8394524, "population_char_pctl": 39.83862834 }, "geometry": { "type": "Polygon", "coordinates": [ [ [ -118.22168699972363, 34.107983000426586 ], [ -118.219411999500821, 34.107411999927443 ], [ -118.218390999537263, 34.107462000020057 ], [ -118.218114000131067, 34.107357000196359 ], [ -118.217758000296698, 34.106850999927907 ], [ -118.217741999715003, 34.106493999651548 ], [ -118.218179999828152, 34.105918000071654 ], [ -118.218576999583249, 34.1057439998932 ], [ -118.218527000237529, 34.105482999946574 ], [ -118.217987000349439, 34.104573999893212 ], [ -118.21718399963919, 34.104096999949796 ], [ -118.216362000045251, 34.10537799999549 ], [ -118.215845000155781, 34.105422999600648 ], [ -118.21502800017204, 34.106122000341564 ], [ -118.214848000013646, 34.105195999828204 ], [ -118.21598600031065, 34.103808999806986 ], [ -118.216928999515503, 34.103006000163667 ], [ -118.217380999874564, 34.102097000375181 ], [ -118.219628000293653, 34.099712000326484 ], [ -118.220398999769529, 34.099226000092735 ], [ -118.223694999722071, 34.100139999856395 ], [ -118.224079999907389, 34.099549000193228 ], [ -118.224061999991278, 34.099325999638964 ], [ -118.222556000490314, 34.098577999614754 ], [ -118.22246199960064, 34.098227999575236 ], [ -118.22291799987282, 34.098136000213813 ], [ -118.224614999591566, 34.098527999773168 ], [ -118.224649999659448, 34.097947999764052 ], [ -118.224983000185404, 34.097665000433594 ], [ -118.225722000274402, 34.097613999880245 ], [ -118.22612100019704, 34.098021999932627 ], [ -118.226513000211497, 34.09800399990192 ], [ -118.226423999838715, 34.097270999636521 ], [ -118.227480000240178, 34.097762999750465 ], [ -118.230122999800486, 34.099587000104883 ], [ -118.229058999997193, 34.100033999976148 ], [ -118.229081999621698, 34.100454000396965 ], [ -118.228651000013571, 34.100621000410257 ], [ -118.228768000185582, 34.100735999682378 ], [ -118.229378999952374, 34.100709000403562 ], [ -118.22966700011122, 34.101059999753666 ], [ -118.229530000256219, 34.101722999635292 ], [ -118.229643999838629, 34.102299999577532 ], [ -118.22908799987016, 34.103299000369347 ], [ -118.229248000206539, 34.104877999965133 ], [ -118.228110999873223, 34.105094000064177 ], [ -118.225359999691847, 34.106215999663789 ], [ -118.225038000488453, 34.106659000356998 ], [ -118.223859000432796, 34.107506999590143 ], [ -118.223039999666739, 34.107879000225836 ], [ -118.22168699972363, 34.107983000426586 ] ] ] } },
{ "type": "Feature", "properties": { "tract_fips": "06037185203", "temp_max_15h": 29.83369, "temp_max_22h": 18.80445, "exceedance_hours_30C": 62.03854181818182, "persistence_max_hours": 10.0324, "peak_hour_mode": 16.0, "elevation_m": 140.2630852227434, "distance_to_coast_km": 26.463214825103481, "pop_over_65_pct": 8.6, "median_income": 49698.0, "pop_density": 6547.2301945698409, "impervious_surface_pct": 62.052411091629224, "approx_location": "Los Angeles", "n_tiles": 55, "tract_area_km2": 0.54465780093658211, "CIscoreP": 93.40645487, "pollution_burden_pctl": 89.81953951, "population_char_pctl": 86.78769541 }, "geometry": { "type": "Polygon", "coordinates": [ [ [ -118.229619000431995, 34.100902999853417 ], [ -118.229378999952374, 34.100709000403562 ], [ -118.228768000185582, 34.100735999682378 ], [ -118.228651000013571, 34.100621000410257 ], [ -118.229081999621698, 34.100454000396965 ], [ -118.229058999997193, 34.100033999976148 ], [ -118.230122999800486, 34.099587000104883 ], [ -118.227480000240178, 34.097762999750465 ], [ -118.226423999838715, 34.097270999636521 ], [ -118.228812000415672, 34.095877999635341 ], [ -118.228339000065262, 34.09558099988395 ], [ -118.230478999847264, 34.094337999664205 ], [ -118.23706900010059, 34.1022089996886 ], [ -118.232651999472338, 34.10453800038222 ], [ -118.231116000291095, 34.104842999881249 ], [ -118.229248000206539, 34.104877999965133 ], [ -118.22908799987016, 34.103299000369347 ], [ -118.229643999838629, 34.102299999577532 ], [ -118.229619000431995, 34.100902999853417 ] ] ] } },
{ "type": "Feature", "properties": { "tract_fips": "06037206031", "temp_max_15h": 29.6391, "temp_max_22h": 19.75145, "exceedance_hours_30C": 59.081728813559323, "persistence_max_hours": 10.9644, "peak_hour_mode": 2.0, "elevation_m": 90.171595913130233, "distance_to_coast_km": 24.498946031514031, "pop_over_65_pct": 4.1, "median_income": 99205.0, "pop_density": 872.48596290433113, "impervious_surface_pct": 94.573082049169642, "approx_location": "Los Angeles", "n_tiles": 236, "tract_area_km2": 4.7347466614233289, "CIscoreP": 81.0892587, "pollution_burden_pctl": 99.58929683, "population_char_pctl": 44.94452849 }, "geometry": { "type": "Polygon", "coordinates": [ [ [ -118.237887000001948, 34.054108000444494 ], [ -118.236673000023885, 34.053739999689348 ], [ -118.234546999624683, 34.053770999675891 ], [ -118.228533000462789, 34.052981000350101 ], [ -118.229987999778103, 34.047908000427604 ], [ -118.228687999719781, 34.041548999664208 ], [ -118.227694999888797, 34.038436000268824 ], [ -118.227109999637179, 34.034549000177094 ], [ -118.22271199947123, 34.014942999937944 ], [ -118.223232000510606, 34.014941000115044 ], [ -118.223395000362274, 34.015368999970086 ], [ -118.223705000201946, 34.015363000094432 ], [ -118.223691999646576, 34.01494200022664 ], [ -118.225696000220807, 34.014936999578204 ], [ -118.225707000137746, 34.015319000232779 ], [ -118.227501000521272, 34.0152809997209 ], [ -118.227698999882307, 34.014829000355356 ], [ -118.239708000284352, 34.01471300040167 ], [ -118.239653000110835, 34.018001999812292 ], [ -118.238043999591312, 34.044390000195108 ], [ -118.238114999828753, 34.048988000268068 ], [ -118.237887000001948, 34.054108000444494 ] ] ] } },
{ "type": "Feature", "properties": { "tract_fips": "06037186301", "temp_max_15h": 30.590425, "temp_max_22h": 19.205, "exceedance_hours_30C": 75.894048275862076, "persistence_max_hours": 10.8281, "peak_hour_mode": 16.0, "elevation_m": 154.88075745477084, "distance_to_coast_km": 26.788492433181535, "pop_over_65_pct": 9.1, "median_income": 53125.0, "pop_density": 2501.7991231360229, "impervious_surface_pct": 27.775280142392944, "approx_location": "Los Angeles", "n_tiles": 116, "tract_area_km2": 1.1615640812749619, "CIscoreP": 93.24256178, "pollution_burden_pctl": 94.51151213, "population_char_pctl": 79.87897126 }, "geometry": { "type": "Polygon", "coordinates": [ [ [ -118.236366999822764, 34.124493000419697 ], [ -118.235580999915967, 34.124464999887103 ], [ -118.231710999835187, 34.125006999734197 ], [ -118.231321999621301, 34.123086999930152 ], [ -118.229700000470402, 34.121252000335218 ], [ -118.231522999934555, 34.119634999641825 ], [ -118.234894999798797, 34.117870000299341 ], [ -118.235453000508954, 34.118630000329922 ], [ -118.23855900003278, 34.119117999719592 ], [ -118.239550000294159, 34.119866000139943 ], [ -118.240306000278579, 34.120044999828195 ], [ -118.240745000468834, 34.11997300036883 ], [ -118.242166999952133, 34.118996000120802 ], [ -118.244115000536098, 34.120954000104213 ], [ -118.246766000395155, 34.118939000210098 ], [ -118.248648000548556, 34.1206489996515 ], [ -118.249702999610662, 34.121178000105807 ], [ -118.250299000300174, 34.122094000239706 ], [ -118.253264999831089, 34.124449000240226 ], [ -118.252863999953888, 34.124298000361478 ], [ -118.238784999650576, 34.126232999871306 ], [ -118.237412000379493, 34.124945999650279 ], [ -118.236366999822764, 34.124493000419697 ] ] ] } },
{ "type": "Feature", "properties": { "tract_fips": "06037302504", "temp_max_15h": 30.30345, "temp_max_22h": 19.17205, "exceedance_hours_30C": 90.845711111111115, "persistence_max_hours": 10.403, "peak_hour_mode": 3.0, "elevation_m": 148.22652725764971, "distance_to_coast_km": 26.79526996328228, "pop_over_65_pct": 14.0, "median_income": 38468.0, "pop_density": 11321.298893904332, "impervious_surface_pct": 76.045758465187802, "approx_location": "Glendale", "n_tiles": 36, "tract_area_km2": 0.37743019065601113, "CIscoreP": 91.06152295, "pollution_burden_pctl": 74.22526447, "population_char_pctl": 94.11245587000001 }, "geometry": { "type": "Polygon", "coordinates": [ [ [ -118.254890980726017, 34.138371056668703 ], [ -118.254886000314571, 34.137148000048029 ], [ -118.249905000142547, 34.137149999956364 ], [ -118.249882000486565, 34.136003999743792 ], [ -118.241754000322899, 34.136014999867051 ], [ -118.241738000158165, 34.133800999892657 ], [ -118.246973999915795, 34.133793000019907 ], [ -118.250501999843436, 34.133547999835415 ], [ -118.254970000373831, 34.133516000150188 ], [ -118.255017999544279, 34.138358000418854 ], [ -118.254890980726017, 34.138371056668703 ] ] ] } },
{ "type": "Feature", "properties": { "tract_fips": "06037302503", "temp_max_15h": 30.22136, "temp_max_22h": 19.126075, "exceedance_hours_30C": 89.022621052631578, "persistence_max_hours": 10.4234, "peak_hour_mode": 3.0, "elevation_m": 150.09204567304388, "distance_to_coast_km": 27.085239099034609, "pop_over_65_pct": 16.5, "median_income": 41016.0, "pop_density": 13067.907638876324, "impervious_surface_pct": 68.51225317538767, "approx_location": "Glendale", "n_tiles": 38, "tract_area_km2": 0.32828514851432528, "CIscoreP": 89.93948563, "pollution_burden_pctl": 77.88425638, "population_char_pctl": 89.58648512000001 }, "geometry": { "type": "Polygon", "coordinates": [ [ [ -118.241767999501278, 34.139018000323667 ], [ -118.241754000322899, 34.136014999867051 ], [ -118.249882000486565, 34.136003999743792 ], [ -118.249905000142547, 34.137149999956364 ], [ -118.254886000314571, 34.137148000048029 ], [ -118.254891000310934, 34.138376000156008 ], [ -118.25098000021886, 34.138773000205688 ], [ -118.250856000036734, 34.139025000428461 ], [ -118.241767999501278, 34.139018000323667 ] ] ] } },
{ "type": "Feature", "properties": { "tract_fips": "06037302401", "temp_max_15h": 30.83608, "temp_max_22h": 19.3289, "exceedance_hours_30C": 86.384113533834594, "persistence_max_hours": 11.229, "peak_hour_mode": 3.0, "elevation_m": 140.76471236352711, "distance_to_coast_km": 25.76422551316216, "pop_over_65_pct": 14.2, "median_income": 41300.0, "pop_density": 5420.7900577098562, "impervious_surface_pct": 82.494377634654029, "approx_location": "Glendale", "n_tiles": 133, "tract_area_km2": 1.3641922895505376, "CIscoreP": 98.85274836000001, "pollution_burden_pctl": 98.282514, "population_char_pctl": 90.33030761000001 }, "geometry": { "type": "Polygon", "coordinates": [ [ [ -118.264388000222297, 34.138709999912578 ], [ -118.264380000225657, 34.137607999859306 ], [ -118.257853000096588, 34.137693000085399 ], [ -118.257845999682303, 34.138057000409155 ], [ -118.255017999544279, 34.138358000418854 ], [ -118.254969999790546, 34.125029999574984 ], [ -118.255092000164453, 34.124196000439561 ], [ -118.255526999981655, 34.123221999953387 ], [ -118.257157999897771, 34.121518999761399 ], [ -118.257403000227384, 34.121754000359893 ], [ -118.257528999912566, 34.121673000309229 ], [ -118.259989000351496, 34.124367999660421 ], [ -118.261949000444048, 34.127051999863397 ], [ -118.263205999514014, 34.129168000349573 ], [ -118.268104999637629, 34.138678999662154 ], [ -118.264388000222297, 34.138709999912578 ] ] ] } },
{ "type": "Feature", "properties": { "tract_fips": "06037211122", "temp_max_15h": 27.45194, "temp_max_22h": 18.66214, "exceedance_hours_30C": 30.780597297297298, "persistence_max_hours": 4.0544, "peak_hour_mode": 16.0, "elevation_m": 96.462313180342974, "distance_to_coast_km": 20.415178715696502, "pop_over_65_pct": 7.1, "median_income": 50175.0, "pop_density": 8711.9103929806097, "impervious_surface_pct": 81.295065406612736, "approx_location": "Los Angeles", "n_tiles": 37, "tract_area_km2": 0.36306617691436577, "CIscoreP": 78.01311145, "pollution_burden_pctl": 90.31736154, "population_char_pctl": 58.85022693 }, "geometry": { "type": "Polygon", "coordinates": [ [ [ -118.286799067372854, 34.069045000138821 ], [ -118.29166200039279, 34.069051999764007 ], [ -118.291685000423286, 34.076329999638759 ], [ -118.286809000306192, 34.076330999669473 ], [ -118.286799067372854, 34.069045000138821 ] ] ] } },
{ "type": "Feature", "properties": { "tract_fips": "06037207103", "temp_max_15h": 29.76912, "temp_max_22h": 19.44076, "exceedance_hours_30C": 67.332, "persistence_max_hours": 10.5654, "peak_hour_mode": 16.0, "elevation_m": 98.532461647967878, "distance_to_coast_km": 24.53790480744259, "pop_over_65_pct": 26.0, "median_income": 29243.0, "pop_density": 7379.0211886216575, "impervious_surface_pct": 89.768408843343167, "approx_location": "Los Angeles", "n_tiles": 33, "tract_area_km2": 0.32429775424550494, "CIscoreP": 96.09178013, "pollution_burden_pctl": 97.06285003000001, "population_char_pctl": 81.75743822 }, "geometry": { "type": "Polygon", "coordinates": [ [ [ -118.237706000493148, 34.067491000048726 ], [ -118.23585400048448, 34.066753999877122 ], [ -118.236696000110371, 34.065537999788013 ], [ -118.237464999651337, 34.064014999729579 ], [ -118.236148000334381, 34.063703000008381 ], [ -118.234097000123697, 34.062684999789596 ], [ -118.235235000211844, 34.06130199955571 ], [ -118.241904999969037, 34.063561999798054 ], [ -118.243213000145289, 34.063497000310832 ], [ -118.245305999556919, 34.064045000439954 ], [ -118.245571999709597, 34.064696000116975 ], [ -118.243137000502969, 34.065320000202881 ], [ -118.239235999662682, 34.067257000294198 ], [ -118.238780000045523, 34.067128000336083 ], [ -118.237706000493148, 34.067491000048726 ] ] ] } },
{ "type": "Feature", "properties": { "tract_fips": "06037206020", "temp_max_15h": 29.7848, "temp_max_22h": 19.442595, "exceedance_hours_30C": 68.113127777777777, "persistence_max_hours": 10.637, "peak_hour_mode": 16.0, "elevation_m": 95.307850917591935, "distance_to_coast_km": 25.037075550002879, "pop_over_65_pct": 0.8, "median_income": 100809.0, "pop_density": 10272.5294290329, "impervious_surface_pct": 91.567570210168313, "approx_location": "Los Angeles", "n_tiles": 90, "tract_area_km2": 0.87096367664943342, "CIscoreP": 55.06807867, "pollution_burden_pctl": 96.06720597, "population_char_pctl": 25.59253656 }, "geometry": { "type": "Polygon", "coordinates": [ [ [ -118.226706000270241, 34.062411000026216 ], [ -118.226903999505353, 34.061621999624315 ], [ -118.226241000254774, 34.055928999842756 ], [ -118.228533000462789, 34.052981000350101 ], [ -118.234694000532869, 34.053780999621466 ], [ -118.236673000023885, 34.053739999689348 ], [ -118.237887000001948, 34.054108000444494 ], [ -118.236782999745145, 34.059447999868915 ], [ -118.235235000211844, 34.06130199955571 ], [ -118.234083000237817, 34.06156700000227 ], [ -118.232084000136965, 34.061713999554861 ], [ -118.231943000124772, 34.061980999986531 ], [ -118.230699000141897, 34.061915000171119 ], [ -118.228407999575268, 34.062085000415841 ], [ -118.226706000270241, 34.062411000026216 ] ] ] } },
{ "type": "Feature", "properties": { "tract_fips": "06037206010", "temp_max_15h": 29.82622, "temp_max_22h": 19.44998, "exceedance_hours_30C": 67.760401379310352, "persistence_max_hours": 10.7015, "peak_hour_mode": 16.0, "elevation_m": 99.831063219892854, "distance_to_coast_km": 25.379499925538049, "pop_over_65_pct": 16.5, "median_income": 42063.0, "pop_density": 2865.3862662027705, "impervious_surface_pct": 65.031735106734928, "approx_location": "Los Angeles", "n_tiles": 145, "tract_area_km2": 1.4382005136993894, "CIscoreP": 97.30206757000001, "pollution_burden_pctl": 99.52706907, "population_char_pctl": 75.73121533 }, "geometry": { "type": "Polygon", "coordinates": [ [ [ -118.2295239999996, 34.072306999567616 ], [ -118.22912700011112, 34.071333000164415 ], [ -118.227072999828408, 34.071775000081082 ], [ -118.224792999667159, 34.07197400022519 ], [ -118.224531000541035, 34.070722999764904 ], [ -118.224513000141528, 34.067602000431869 ], [ -118.226706000270241, 34.062411000026216 ], [ -118.228407999575268, 34.062085000415841 ], [ -118.230699000141897, 34.061915000171119 ], [ -118.231943000124772, 34.061980999986531 ], [ -118.232084000136965, 34.061713999554861 ], [ -118.234083000237817, 34.06156700000227 ], [ -118.235235000211844, 34.06130199955571 ], [ -118.234097000123697, 34.062684999789596 ], [ -118.236148000334381, 34.063703000008381 ], [ -118.237464999651337, 34.064014999729579 ], [ -118.236696000110371, 34.065537999788013 ], [ -118.23585400048448, 34.066753999877122 ], [ -118.237706000493148, 34.067491000048726 ], [ -118.238780000045523, 34.067128000336083 ], [ -118.239235999662682, 34.067257000294198 ], [ -118.237062999933173, 34.068449999960009 ], [ -118.236160000505436, 34.069780000411598 ], [ -118.234759999669777, 34.072696999602272 ], [ -118.233422000442602, 34.074178000310702 ], [ -118.234400000352935, 34.075291999797649 ], [ -118.234974999792627, 34.075487999645638 ], [ -118.235035000429818, 34.076119000212543 ], [ -118.23588699969784, 34.076371000322375 ], [ -118.235839000370945, 34.079291000238577 ], [ -118.2340179995917, 34.078507000221663 ], [ -118.233026999725766, 34.078274000409976 ], [ -118.232031999640114, 34.077654999702631 ], [ -118.229105999573605, 34.074009999743978 ], [ -118.228818999529494, 34.073091999840322 ], [ -118.229265000379925, 34.072401000088163 ], [ -118.2295239999996, 34.072306999567616 ] ] ] } },
{ "type": "Feature", "properties": { "tract_fips": "06037207710", "temp_max_15h": 29.29814, "temp_max_22h": 19.49678, "exceedance_hours_30C": 41.031718348623855, "persistence_max_hours": 5.2213, "peak_hour_mode": 16.0, "elevation_m": 89.627532913539454, "distance_to_coast_km": 22.096456502639615, "pop_over_65_pct": 10.8, "median_income": 100972.0, "pop_density": 4257.3932215328914, "impervious_surface_pct": 87.507544661344454, "approx_location": "Los Angeles", "n_tiles": 109, "tract_area_km2": 1.0962106991657274, "CIscoreP": 65.99848714, "pollution_burden_pctl": 98.50653391, "population_char_pctl": 32.95511851 }, "geometry": { "type": "Polygon", "coordinates": [ [ [ -118.251776000301263, 34.048775999866479 ], [ -118.257126000072091, 34.043022999574568 ], [ -118.261980000179605, 34.046166000346354 ], [ -118.262823999486827, 34.046186999688736 ], [ -118.26801400051815, 34.040653000258196 ], [ -118.272749000095999, 34.042761000082685 ], [ -118.271760000495362, 34.044176000205901 ], [ -118.270403000423656, 34.045424000209536 ], [ -118.260172999479863, 34.051730999564043 ], [ -118.258810000316828, 34.052816000070706 ], [ -118.257838000077356, 34.052706999771218 ], [ -118.251776000301263, 34.048775999866479 ] ] ] } },
{ "type": "Feature", "properties": { "tract_fips": "06037207400", "temp_max_15h": 29.75485, "temp_max_22h": 19.408775, "exceedance_hours_30C": 55.332229069767436, "persistence_max_hours": 10.841, "peak_hour_mode": 16.0, "elevation_m": 101.29878111137175, "distance_to_coast_km": 23.749016723333447, "pop_over_65_pct": 4.1, "median_income": 87000.0, "pop_density": 1758.1985416162595, "impervious_surface_pct": 72.683696122923763, "approx_location": "Los Angeles", "n_tiles": 86, "tract_area_km2": 0.8753277650800706, "CIscoreP": 89.77559254000001, "pollution_burden_pctl": 99.9751089, "population_char_pctl": 52.58446798 }, "geometry": { "type": "Polygon", "coordinates": [ [ [ -118.237887000001948, 34.054108000444494 ], [ -118.238038999777373, 34.051069999786087 ], [ -118.239698000226767, 34.052451000443668 ], [ -118.240270999760142, 34.051082999885779 ], [ -118.24085599949305, 34.050404999775637 ], [ -118.242381999753704, 34.051510999844318 ], [ -118.243340000490292, 34.050272999714174 ], [ -118.251080999880841, 34.05524099990209 ], [ -118.24983800027826, 34.056390999623424 ], [ -118.253333000334209, 34.0586350000439 ], [ -118.248822000103857, 34.062513000319598 ], [ -118.24676899974682, 34.060147000016414 ], [ -118.244952000222213, 34.058609000050282 ], [ -118.237887000001948, 34.054108000444494 ] ] ] } },
{ "type": "Feature", "properties": { "tract_fips": "06037206300", "temp_max_15h": 29.2268, "temp_max_22h": 19.5588, "exceedance_hours_30C": 44.387208196721318, "persistence_max_hours": 5.4911, "peak_hour_mode": 2.0, "elevation_m": 91.675634766291012, "distance_to_coast_km": 23.660514948468588, "pop_over_65_pct": 11.1, "median_income": 9191.0, "pop_density": 9868.2768060629223, "impervious_surface_pct": 93.720555122589246, "approx_location": "Los Angeles", "n_tiles": 61, "tract_area_km2": 0.61844637315507889, "CIscoreP": 95.52445789, "pollution_burden_pctl": 94.29993777, "population_char_pctl": 86.24558749000001 }, "geometry": { "type": "Polygon", "coordinates": [ [ [ -118.243831000491014, 34.044180999697453 ], [ -118.239827000015396, 34.041688999871894 ], [ -118.239700999613277, 34.043788999552831 ], [ -118.23811200012004, 34.043272999980751 ], [ -118.238610999597554, 34.034982999570737 ], [ -118.250412000296478, 34.043259999755627 ], [ -118.247569999562842, 34.046063999984149 ], [ -118.245641000031341, 34.044809000131423 ], [ -118.243831000491014, 34.044180999697453 ] ] ] } },
{ "type": "Feature", "properties": { "tract_fips": "06037208000", "temp_max_15h": 29.159355, "temp_max_22h": 19.150655, "exceedance_hours_30C": 40.104353, "persistence_max_hours": 5.7114, "peak_hour_mode": 16.0, "elevation_m": 108.66699697408927, "distance_to_coast_km": 22.989008627845795, "pop_over_65_pct": 6.0, "median_income": 37330.0, "pop_density": 7771.1208594385216, "impervious_surface_pct": 71.267873197075815, "approx_location": "Los Angeles", "n_tiles": 100, "tract_area_km2": 0.96614119582004121, "CIscoreP": 99.05446293, "pollution_burden_pctl": 99.63907903, "population_char_pctl": 83.85022693000001 }, "geometry": { "type": "Polygon", "coordinates": [ [ [ -118.248822000103857, 34.062513000319598 ], [ -118.252985000179606, 34.058966999587035 ], [ -118.255896999590703, 34.056087000422544 ], [ -118.256551999485978, 34.056513999821767 ], [ -118.258234000067546, 34.056889000337677 ], [ -118.261595000351278, 34.058299000330024 ], [ -118.259734999815137, 34.061285000333406 ], [ -118.259788999674868, 34.06193899992882 ], [ -118.259425000042228, 34.061773999629999 ], [ -118.259646999569171, 34.062003999637348 ], [ -118.259879000210205, 34.06435500009659 ], [ -118.261214000460868, 34.069617000114654 ], [ -118.256056000267066, 34.067780000204792 ], [ -118.254427000041062, 34.0669640003252 ], [ -118.250088000031184, 34.063881000081295 ], [ -118.248822000103857, 34.062513000319598 ] ] ] } },
{ "type": "Feature", "properties": { "tract_fips": "06037208610", "temp_max_15h": 28.165265, "temp_max_22h": 18.72596, "exceedance_hours_30C": 34.305384210526313, "persistence_max_hours": 4.0379, "peak_hour_mode": 16.0, "elevation_m": 98.636798191763333, "distance_to_coast_km": 21.041342699529586, "pop_over_65_pct": 10.2, "median_income": 52537.0, "pop_density": 12340.288049698751, "impervious_surface_pct": 79.781101829499221, "approx_location": "Los Angeles", "n_tiles": 38, "tract_area_km2": 0.35258496256140598, "CIscoreP": 90.11598588, "pollution_burden_pctl": 90.41692595000001, "population_char_pctl": 78.56782653 }, "geometry": { "type": "Polygon", "coordinates": [ [ [ -118.277734999785224, 34.073343000302629 ], [ -118.279463000103718, 34.070647999818952 ], [ -118.280081000034542, 34.070915000100847 ], [ -118.280248999764979, 34.070772000136969 ], [ -118.282182999603037, 34.067729999863474 ], [ -118.284333999596896, 34.068528000072988 ], [ -118.284371999795994, 34.074043000398731 ], [ -118.283043999537853, 34.076125999796375 ], [ -118.27752000018998, 34.073681000346674 ], [ -118.277734999785224, 34.073343000302629 ] ] ] } },
{ "type": "Feature", "properties": { "tract_fips": "06037208620", "temp_max_15h": 28.66336, "temp_max_22h": 18.93498, "exceedance_hours_30C": 38.256003030303035, "persistence_max_hours": 4.4483, "peak_hour_mode": 16.0, "elevation_m": 100.00413519078442, "distance_to_coast_km": 21.285036370190848, "pop_over_65_pct": 11.8, "median_income": 48910.0, "pop_density": 13645.706801347658, "impervious_surface_pct": 80.158421277617634, "approx_location": "Los Angeles", "n_tiles": 33, "tract_area_km2": 0.32581676161772072, "CIscoreP": 85.30005043, "pollution_burden_pctl": 77.08774113, "population_char_pctl": 82.58951084 }, "geometry": { "type": "Polygon", "coordinates": [ [ [ -118.273876021412335, 34.072197965924133 ], [ -118.278047000346746, 34.065630999824741 ], [ -118.279233000068871, 34.066489000116057 ], [ -118.282182999603037, 34.067729999863474 ], [ -118.280248999764979, 34.070772000136969 ], [ -118.280081000034542, 34.070915000100847 ], [ -118.279463000103718, 34.070647999818952 ], [ -118.27752000018998, 34.073681000346674 ], [ -118.273876021412335, 34.072197965924133 ] ] ] } },
{ "type": "Feature", "properties": { "tract_fips": "06037221220", "temp_max_15h": 27.94079, "temp_max_22h": 19.22154, "exceedance_hours_30C": 31.235308823529415, "persistence_max_hours": 4.0315, "peak_hour_mode": 16.0, "elevation_m": 77.930159103724918, "distance_to_coast_km": 18.918972969934497, "pop_over_65_pct": 10.3, "median_income": 43611.0, "pop_density": 5121.8019298479121, "impervious_surface_pct": 57.061469638067827, "approx_location": "Los Angeles", "n_tiles": 34, "tract_area_km2": 0.6591430215850318, "CIscoreP": 78.85779123, "pollution_burden_pctl": 72.54511512000001, "population_char_pctl": 74.53353505 }, "geometry": { "type": "Polygon", "coordinates": [ [ [ -118.291563000258733, 34.040004000375603 ], [ -118.300348999478842, 34.039968999812899 ], [ -118.300743999632289, 34.041498000244715 ], [ -118.30073100027046, 34.042703000011208 ], [ -118.300293999640431, 34.044235999972138 ], [ -118.300276000074945, 34.046553999666088 ], [ -118.299967000243157, 34.047228000217871 ], [ -118.291596999761225, 34.047260000151034 ], [ -118.291563000258733, 34.040004000375603 ] ] ] } },
{ "type": "Feature", "properties": { "tract_fips": "06037221120", "temp_max_15h": 27.97561, "temp_max_22h": 19.22717, "exceedance_hours_30C": 30.748917142857142, "persistence_max_hours": 4.0477, "peak_hour_mode": 16.0, "elevation_m": 64.706786125734482, "distance_to_coast_km": 19.620727946950197, "pop_over_65_pct": 8.8, "median_income": 38060.0, "pop_density": 10069.030016922037, "impervious_surface_pct": 81.690414725026002, "approx_location": "Los Angeles", "n_tiles": 35, "tract_area_km2": 0.31750824008142925, "CIscoreP": 80.20675744, "pollution_burden_pctl": 71.44990666, "population_char_pctl": 77.76096823 }, "geometry": { "type": "Polygon", "coordinates": [ [ [ -118.284131915158852, 34.042865750417988 ], [ -118.284101999868938, 34.039854999760259 ], [ -118.284513000039851, 34.040042000065156 ], [ -118.291563000258733, 34.040004000375603 ], [ -118.291588999678297, 34.044234999766914 ], [ -118.286273000427556, 34.044253000373907 ], [ -118.284140999540057, 34.043779999977993 ], [ -118.284131915158852, 34.042865750417988 ] ] ] } },
{ "type": "Feature", "properties": { "tract_fips": "06037185310", "temp_max_15h": 29.801925, "temp_max_22h": 19.10601, "exceedance_hours_30C": 72.304461764705891, "persistence_max_hours": 10.0573, "peak_hour_mode": 3.0, "elevation_m": 129.06564006532855, "distance_to_coast_km": 26.921924785248756, "pop_over_65_pct": 12.5, "median_income": 64671.0, "pop_density": 7418.9324556344754, "impervious_surface_pct": 68.913832101968239, "approx_location": "Los Angeles", "n_tiles": 34, "tract_area_km2": 0.42202837385614578, "CIscoreP": 93.54513364, "pollution_burden_pctl": 91.86060983, "population_char_pctl": 84.41754917 }, "geometry": { "type": "Polygon", "coordinates": [ [ [ -118.219018999711807, 34.089018000164913 ], [ -118.218093999524484, 34.088666000018542 ], [ -118.216584000201479, 34.088808999652443 ], [ -118.216082000266255, 34.089153000125506 ], [ -118.215617999695098, 34.088524000102154 ], [ -118.217697999657048, 34.087453000173916 ], [ -118.219036000121676, 34.086430999859424 ], [ -118.221438999636462, 34.087879000021978 ], [ -118.222287000284524, 34.08858700045046 ], [ -118.222663000425044, 34.089188000048892 ], [ -118.22297899976499, 34.090330000019677 ], [ -118.225836999656096, 34.093862000330624 ], [ -118.228812000415672, 34.095877999635341 ], [ -118.226423999838715, 34.097270999636521 ], [ -118.225360999559157, 34.096775999685946 ], [ -118.22387900045527, 34.096521000447005 ], [ -118.222303000353776, 34.095414000337108 ], [ -118.221190000141092, 34.094029999835968 ], [ -118.220963000310903, 34.093502000091569 ], [ -118.221074000244855, 34.092082999642287 ], [ -118.220847999811241, 34.091038999657158 ], [ -118.219018999711807, 34.089018000164913 ] ] ] } },
{ "type": "Feature", "properties": { "tract_fips": "06037186100", "temp_max_15h": 30.457225, "temp_max_22h": 19.216825, "exceedance_hours_30C": 80.5968375, "persistence_max_hours": 10.0703, "peak_hour_mode": 16.0, "elevation_m": 168.65828076995641, "distance_to_coast_km": 27.959140814021065, "pop_over_65_pct": 15.5, "median_income": 92569.0, "pop_density": 3711.6386442953326, "impervious_surface_pct": 51.282416185609442, "approx_location": "Los Angeles", "n_tiles": 136, "tract_area_km2": 1.3430725557461749, "CIscoreP": 54.74029249, "pollution_burden_pctl": 73.34163037, "population_char_pctl": 39.59909228 }, "geometry": { "type": "Polygon", "coordinates": [ [ [ -118.229387999876536, 34.133356999974581 ], [ -118.228849000063562, 34.130165999786954 ], [ -118.228322999572541, 34.130170999887973 ], [ -118.227269999993808, 34.130926999609535 ], [ -118.226071999711976, 34.130925000086108 ], [ -118.22563799987158, 34.130151000220302 ], [ -118.225810999996114, 34.129389000417873 ], [ -118.225362999570734, 34.129241999828878 ], [ -118.225902999469724, 34.128935999562067 ], [ -118.226114999684569, 34.128636999585893 ], [ -118.225515999902299, 34.128606000074676 ], [ -118.224708999982695, 34.129034000111105 ], [ -118.223280999838067, 34.130491999554486 ], [ -118.222665999900443, 34.130508000373133 ], [ -118.222673000541064, 34.12981599956813 ], [ -118.221956999568363, 34.130089999814231 ], [ -118.221452999835478, 34.130105000383203 ], [ -118.22096599953808, 34.129634000074226 ], [ -118.220479999593792, 34.129555999682474 ], [ -118.220714999746875, 34.128999000437616 ], [ -118.221966999986407, 34.128044000355885 ], [ -118.220654000134871, 34.126942999864902 ], [ -118.222107000084435, 34.125156999730514 ], [ -118.222897999852819, 34.124996999663409 ], [ -118.226054999640667, 34.123565000342531 ], [ -118.228113000342148, 34.122428000216992 ], [ -118.228688999546819, 34.122852999775922 ], [ -118.229700000470402, 34.121252000335218 ], [ -118.231321999621301, 34.123086999930152 ], [ -118.231710999835187, 34.125006999734197 ], [ -118.235580999915967, 34.124464999887103 ], [ -118.236366999822764, 34.124493000419697 ], [ -118.237412000379493, 34.124945999650279 ], [ -118.238784999650576, 34.126232999871306 ], [ -118.235237999609836, 34.126720000164312 ], [ -118.235312000042654, 34.127601999814658 ], [ -118.236018999599153, 34.12882999965786 ], [ -118.236607999729515, 34.132714999811661 ], [ -118.236272999785427, 34.134497999760519 ], [ -118.233604999836729, 34.134510000248127 ], [ -118.233598000484392, 34.13559999977663 ], [ -118.229289999753234, 34.135599999907782 ], [ -118.229387999876536, 34.133356999974581 ] ] ] } },
{ "type": "Feature", "properties": { "tract_fips": "06037187300", "temp_max_15h": 30.01115, "temp_max_22h": 18.909375, "exceedance_hours_30C": 50.73227327586207, "persistence_max_hours": 10.4343, "peak_hour_mode": 16.0, "elevation_m": 141.7137077205133, "distance_to_coast_km": 24.415575290280522, "pop_over_65_pct": 11.0, "median_income": 112250.0, "pop_density": 3076.8846552262626, "impervious_surface_pct": 50.798702789298119, "approx_location": "Los Angeles", "n_tiles": 116, "tract_area_km2": 1.1690395978576227, "CIscoreP": 63.61573374, "pollution_burden_pctl": 97.02551338000001, "population_char_pctl": 33.19465456 }, "geometry": { "type": "Polygon", "coordinates": [ [ [ -118.255309999533097, 34.09404000006905 ], [ -118.258520999824327, 34.090994000214707 ], [ -118.258470000182598, 34.091586000320504 ], [ -118.259245000525979, 34.094162000269421 ], [ -118.259227999499274, 34.104636999765596 ], [ -118.260799000191952, 34.1059909998122 ], [ -118.263306000367436, 34.107119000359539 ], [ -118.265399999508418, 34.112129999599169 ], [ -118.262240000463933, 34.110096000281452 ], [ -118.255446000311338, 34.106596999828511 ], [ -118.249831000173671, 34.10255700006801 ], [ -118.250174000226835, 34.101367000134253 ], [ -118.250798000115395, 34.10008000035296 ], [ -118.254325000273042, 34.095185999553692 ], [ -118.255309999533097, 34.09404000006905 ] ] ] } },
{ "type": "Feature", "properties": { "tract_fips": "06037224010", "temp_max_15h": 29.33855, "temp_max_22h": 19.54237, "exceedance_hours_30C": 39.60245, "persistence_max_hours": 5.2179, "peak_hour_mode": 2.0, "elevation_m": 87.622212200789377, "distance_to_coast_km": 21.52230198613579, "pop_over_65_pct": 11.4, "median_income": 28082.0, "pop_density": 3437.1157229090691, "impervious_surface_pct": 90.698364356333258, "approx_location": "Los Angeles", "n_tiles": 82, "tract_area_km2": 0.82772889520056059, "CIscoreP": 96.96167423, "pollution_burden_pctl": 93.01804605, "population_char_pctl": 92.70045386 }, "geometry": { "type": "Polygon", "coordinates": [ [ [ -118.259774000451969, 34.031404000118478 ], [ -118.259997000127484, 34.031129000348905 ], [ -118.262858000516417, 34.032130999964991 ], [ -118.268226999505316, 34.035122000037717 ], [ -118.271695999529243, 34.037417999795785 ], [ -118.272735999508086, 34.037840999800615 ], [ -118.273904000462053, 34.038055999767728 ], [ -118.27345399955955, 34.040976000108337 ], [ -118.272749000095999, 34.042761000082685 ], [ -118.264363999905783, 34.038920000374766 ], [ -118.260184999958284, 34.036556000090947 ], [ -118.260337000117659, 34.036367999945028 ], [ -118.260224000323703, 34.036224000043738 ], [ -118.257221000402154, 34.034562000122705 ], [ -118.259774000451969, 34.031404000118478 ] ] ] } },
{ "type": "Feature", "properties": { "tract_fips": "06037224020", "temp_max_15h": 29.21728, "temp_max_22h": 19.52286, "exceedance_hours_30C": 33.788081159420287, "persistence_max_hours": 5.1072, "peak_hour_mode": 16.0, "elevation_m": 89.457716796873513, "distance_to_coast_km": 21.182983886881026, "pop_over_65_pct": 2.8, "median_income": 27332.0, "pop_density": 2222.231533147401, "impervious_surface_pct": 87.795875008969617, "approx_location": "Los Angeles", "n_tiles": 69, "tract_area_km2": 1.2298448470529915, "CIscoreP": 92.83913263, "pollution_burden_pctl": 95.15868077, "population_char_pctl": 77.66011094 }, "geometry": { "type": "Polygon", "coordinates": [ [ [ -118.262744932075151, 34.027697589933815 ], [ -118.265435999502813, 34.023412000045099 ], [ -118.274476000261046, 34.027465999991378 ], [ -118.274257999792127, 34.028644000002856 ], [ -118.274464000471326, 34.033957000417033 ], [ -118.273904000462053, 34.038055999767728 ], [ -118.272735999508086, 34.037840999800615 ], [ -118.271802000096969, 34.037474000151207 ], [ -118.268226999505316, 34.035122000037717 ], [ -118.264128000234805, 34.032781000318728 ], [ -118.262134000128512, 34.031823000279026 ], [ -118.259997000127484, 34.031129000348905 ], [ -118.261109000302056, 34.029759000235394 ], [ -118.261683999647886, 34.029386999850459 ], [ -118.262744932075151, 34.027697589933815 ] ] ] } },
{ "type": "Feature", "properties": { "tract_fips": "06037224410", "temp_max_15h": 27.954605, "temp_max_22h": 19.29759, "exceedance_hours_30C": 25.475, "persistence_max_hours": 3.9896, "peak_hour_mode": 16.0, "elevation_m": 76.963163954565815, "distance_to_coast_km": 20.210961026956763, "pop_over_65_pct": 13.6, "median_income": 26773.0, "pop_density": 7113.2822307458355, "impervious_surface_pct": 74.69087575201165, "approx_location": "Los Angeles", "n_tiles": 44, "tract_area_km2": 0.44901915830002231, "CIscoreP": 84.19062027, "pollution_burden_pctl": 79.37772246, "population_char_pctl": 78.7695411 }, "geometry": { "type": "Polygon", "coordinates": [ [ [ -118.273904000462053, 34.038055999767728 ], [ -118.274282999640789, 34.035398000357823 ], [ -118.276203000504893, 34.036269000372108 ], [ -118.278475000367337, 34.032741999761029 ], [ -118.279708000478934, 34.033290999571136 ], [ -118.281460000158035, 34.030583000256549 ], [ -118.283964999695883, 34.031697999556776 ], [ -118.284009000270032, 34.037034000275952 ], [ -118.278833999888619, 34.03790200036768 ], [ -118.273904000462053, 34.038055999767728 ] ] ] } },
{ "type": "Feature", "properties": { "tract_fips": "06037181300", "temp_max_15h": 30.547, "temp_max_22h": 19.1978, "exceedance_hours_30C": 86.99501188118812, "persistence_max_hours": 9.9975, "peak_hour_mode": 3.0, "elevation_m": 157.75387393016689, "distance_to_coast_km": 28.877069525086807, "pop_over_65_pct": 18.1, "median_income": 110508.0, "pop_density": 2823.0392455364536, "impervious_surface_pct": 47.617931763029212, "approx_location": "Los Angeles", "n_tiles": 101, "tract_area_km2": 1.4378121049566495, "CIscoreP": 57.13565305, "pollution_burden_pctl": 83.97013068, "population_char_pctl": 37.03983863 }, "geometry": { "type": "Polygon", "coordinates": [ [ [ -118.217974000241554, 34.138481999641115 ], [ -118.217392000039638, 34.137646999682232 ], [ -118.217310000290325, 34.13662899995137 ], [ -118.216888000129629, 34.136552000375289 ], [ -118.219509000051701, 34.127899000322643 ], [ -118.220654000134871, 34.126942999864902 ], [ -118.221966999986407, 34.128044000355885 ], [ -118.220661999958693, 34.129048000059598 ], [ -118.220479999593792, 34.129555999682474 ], [ -118.220908000521661, 34.129602000240709 ], [ -118.22157499960899, 34.130139999620816 ], [ -118.222673000541064, 34.12981599956813 ], [ -118.222665999900443, 34.130508000373133 ], [ -118.223416000502553, 34.130421999796134 ], [ -118.224708999982695, 34.129034000111105 ], [ -118.225515999902299, 34.128606000074676 ], [ -118.226114999684569, 34.128636999585893 ], [ -118.225902999469724, 34.128935999562067 ], [ -118.225362999570734, 34.129241999828878 ], [ -118.225810999996114, 34.129389000417873 ], [ -118.22563799987158, 34.130151000220302 ], [ -118.226071999711976, 34.130925000086108 ], [ -118.227269999993808, 34.130926999609535 ], [ -118.228322999572541, 34.130170999887973 ], [ -118.228849000063562, 34.130165999786954 ], [ -118.229387999876536, 34.133356999974581 ], [ -118.229289999753234, 34.135599999907782 ], [ -118.227751000413917, 34.135600999803572 ], [ -118.227876999585462, 34.138084000065938 ], [ -118.229148999596163, 34.138078999679465 ], [ -118.229156000329596, 34.139073000419422 ], [ -118.228783999489309, 34.139073000293024 ], [ -118.228774000035685, 34.14603200019053 ], [ -118.224410999929702, 34.142729000436489 ], [ -118.221034999617316, 34.141318000174181 ], [ -118.219798999956708, 34.140283999799081 ], [ -118.218967000343056, 34.1399969999853 ], [ -118.218651000328109, 34.139111999582951 ], [ -118.217974000241554, 34.138481999641115 ] ] ] } },
{ "type": "Feature", "properties": { "tract_fips": "06037187200", "temp_max_15h": 30.6076, "temp_max_22h": 19.212175, "exceedance_hours_30C": 71.940609374999994, "persistence_max_hours": 10.7642, "peak_hour_mode": 16.0, "elevation_m": 139.07578378450222, "distance_to_coast_km": 25.284710240825355, "pop_over_65_pct": 11.7, "median_income": 76042.0, "pop_density": 3102.966617867085, "impervious_surface_pct": 67.908145785797018, "approx_location": "Los Angeles", "n_tiles": 96, "tract_area_km2": 0.95489264465136425, "CIscoreP": 74.53353505, "pollution_burden_pctl": 99.57685128, "population_char_pctl": 37.60716087 }, "geometry": { "type": "Polygon", "coordinates": [ [ [ -118.247084999551873, 34.10804599993692 ], [ -118.244389000396609, 34.106677000282204 ], [ -118.243011000226318, 34.10540200011777 ], [ -118.242572000161516, 34.104381999576368 ], [ -118.242411999552814, 34.103642000230408 ], [ -118.242573000142031, 34.101608999850704 ], [ -118.242461000331019, 34.099736999632242 ], [ -118.240448000106682, 34.096538999990258 ], [ -118.242327000216292, 34.095055000436091 ], [ -118.242848999983707, 34.095460999836142 ], [ -118.243822999976445, 34.095615000138288 ], [ -118.246927000004945, 34.098817000110934 ], [ -118.248826000394828, 34.101503999863603 ], [ -118.249831000173671, 34.10255700006801 ], [ -118.254897000007148, 34.10623899985076 ], [ -118.25718900008475, 34.107530000274636 ], [ -118.256582999658505, 34.108321000286793 ], [ -118.254231999553824, 34.108144000145366 ], [ -118.252333000141689, 34.10827199976557 ], [ -118.250917000362492, 34.108559000236809 ], [ -118.247084999551873, 34.10804599993692 ] ] ] } },
{ "type": "Feature", "properties": { "tract_fips": "06037186401", "temp_max_15h": 30.66994, "temp_max_22h": 19.24346, "exceedance_hours_30C": 78.602670103092777, "persistence_max_hours": 10.8533, "peak_hour_mode": 16.0, "elevation_m": 146.04177253830915, "distance_to_coast_km": 26.121864824529613, "pop_over_65_pct": 9.5, "median_income": 41450.0, "pop_density": 3623.3586055957189, "impervious_surface_pct": 83.905128841603357, "approx_location": "Los Angeles", "n_tiles": 97, "tract_area_km2": 0.9629187667518686, "CIscoreP": 97.50378215000001, "pollution_burden_pctl": 98.59365277000001, "population_char_pctl": 82.602118 }, "geometry": { "type": "Polygon", "coordinates": [ [ [ -118.248648000548556, 34.1206489996515 ], [ -118.246766000395155, 34.118939000210098 ], [ -118.244115000536098, 34.120954000104213 ], [ -118.242166999952133, 34.118996000120802 ], [ -118.240745000468834, 34.11997300036883 ], [ -118.240306000278579, 34.120044999828195 ], [ -118.239550000294159, 34.119866000139943 ], [ -118.23855900003278, 34.119117999719592 ], [ -118.235453000508954, 34.118630000329922 ], [ -118.234894999798797, 34.117870000299341 ], [ -118.239817000465209, 34.115367000423291 ], [ -118.242485000281164, 34.114211999736675 ], [ -118.24643799946395, 34.111753000281681 ], [ -118.24744000026854, 34.113062000245478 ], [ -118.254134999504458, 34.11886000042923 ], [ -118.251133000180928, 34.120946999784273 ], [ -118.253640000286467, 34.12330299986391 ], [ -118.253264999831089, 34.124449000240226 ], [ -118.250299000300174, 34.122094000239706 ], [ -118.249702999610662, 34.121178000105807 ], [ -118.248648000548556, 34.1206489996515 ] ] ] } },
{ "type": "Feature", "properties": { "tract_fips": "06037187102", "temp_max_15h": 30.6246, "temp_max_22h": 19.22035, "exceedance_hours_30C": 66.261206392694064, "persistence_max_hours": 10.7626, "peak_hour_mode": 16.0, "elevation_m": 139.99486975135335, "distance_to_coast_km": 25.647367247010237, "pop_over_65_pct": 13.5, "median_income": 56683.0, "pop_density": 1716.3513473185601, "impervious_surface_pct": 59.046076648521996, "approx_location": "Los Angeles", "n_tiles": 219, "tract_area_km2": 2.1784583942217921, "CIscoreP": 96.77256682, "pollution_burden_pctl": 99.66397013, "population_char_pctl": 73.09631871000001 }, "geometry": { "type": "Polygon", "coordinates": [ [ [ -118.24744000026854, 34.113062000245478 ], [ -118.24643799946395, 34.111753000281681 ], [ -118.244160000339008, 34.113186999605901 ], [ -118.243578000037431, 34.112417000161066 ], [ -118.243661999836362, 34.111529000086001 ], [ -118.243520999594566, 34.111120000323474 ], [ -118.240002999895083, 34.106528999800183 ], [ -118.238539000096381, 34.104949999930611 ], [ -118.237043000149797, 34.102148000126505 ], [ -118.226699000361663, 34.089668999599333 ], [ -118.226044999935866, 34.088217000257458 ], [ -118.225723999495756, 34.086508999680525 ], [ -118.225789000228431, 34.085100000033464 ], [ -118.226370000356042, 34.082678999932305 ], [ -118.227875999964098, 34.083154999773484 ], [ -118.228299000106119, 34.086579000140425 ], [ -118.228845000180229, 34.089099000275333 ], [ -118.229369999908982, 34.090153999943773 ], [ -118.230592000466601, 34.091696000437018 ], [ -118.231452000479592, 34.092463999988439 ], [ -118.232608999586972, 34.093142000298883 ], [ -118.233931999518362, 34.093605000289948 ], [ -118.237807000370424, 34.094343999738918 ], [ -118.238575999971999, 34.09467199981713 ], [ -118.240188999616691, 34.09612100022305 ], [ -118.242461000331019, 34.099736999632242 ], [ -118.242573000142031, 34.101608999850704 ], [ -118.242411999552814, 34.103642000230408 ], [ -118.242572000161516, 34.104381999576368 ], [ -118.243011000226318, 34.10540200011777 ], [ -118.244389000396609, 34.106677000282204 ], [ -118.247084999551873, 34.10804599993692 ], [ -118.250917000362492, 34.108559000236809 ], [ -118.252333000141689, 34.10827199976557 ], [ -118.254231999553824, 34.108144000145366 ], [ -118.256582999658505, 34.108321000286793 ], [ -118.25718900008475, 34.107530000274636 ], [ -118.261702999668543, 34.109797999807299 ], [ -118.256037999917496, 34.114422000089625 ], [ -118.254385000339511, 34.113001000283496 ], [ -118.252363000424779, 34.117349000277294 ], [ -118.24744000026854, 34.113062000245478 ] ] ] } },
{ "type": "Feature", "properties": { "tract_fips": "06037199700", "temp_max_15h": 29.71102, "temp_max_22h": 19.4107, "exceedance_hours_30C": 66.427010204081625, "persistence_max_hours": 9.9487, "peak_hour_mode": 16.0, "elevation_m": 107.45583817246387, "distance_to_coast_km": 26.327794747523825, "pop_over_65_pct": 16.0, "median_income": 42614.0, "pop_density": 3169.2549012744275, "impervious_surface_pct": 82.679856255352092, "approx_location": "Los Angeles", "n_tiles": 49, "tract_area_km2": 0.96647322333344021, "CIscoreP": 97.40292486, "pollution_burden_pctl": 99.61418793, "population_char_pctl": 75.56732224 }, "geometry": { "type": "Polygon", "coordinates": [ [ [ -118.215616000025534, 34.073640999748626 ], [ -118.215268999624612, 34.063480999795388 ], [ -118.226747000247869, 34.062246000324492 ], [ -118.224513000141528, 34.067602000431869 ], [ -118.224531000541035, 34.070722999764904 ], [ -118.224792999667159, 34.07197400022519 ], [ -118.224022000190757, 34.07204099956067 ], [ -118.222422999915509, 34.071640999651777 ], [ -118.217907999915397, 34.073608999943325 ], [ -118.215616000025534, 34.073640999748626 ] ] ] } },
{ "type": "Feature", "properties": { "tract_fips": "06037191201", "temp_max_15h": 27.23814, "temp_max_22h": 18.07714, "exceedance_hours_30C": 23.265137142857142, "persistence_max_hours": 3.5465, "peak_hour_mode": 16.0, "elevation_m": 133.79268653012801, "distance_to_coast_km": 21.017526567223712, "pop_over_65_pct": 22.4, "median_income": 45332.0, "pop_density": 7712.5592044874275, "impervious_surface_pct": 78.706850667787762, "approx_location": "Los Angeles", "n_tiles": 35, "tract_area_km2": 0.57231327280207922, "CIscoreP": 79.19818457, "pollution_burden_pctl": 71.93528314, "population_char_pctl": 75.52950076 }, "geometry": { "type": "Polygon", "coordinates": [ [ [ -118.296650000308446, 34.095365000430604 ], [ -118.300498999812632, 34.095220999934384 ], [ -118.300536000273482, 34.101757000204358 ], [ -118.291770000186631, 34.101779999858316 ], [ -118.291750000038647, 34.095547999617835 ], [ -118.296650000308446, 34.095365000430604 ] ] ] } },
{ "type": "Feature", "properties": { "tract_fips": "06037224420", "temp_max_15h": 27.890545, "temp_max_22h": 19.28189, "exceedance_hours_30C": 25.26167666666667, "persistence_max_hours": 3.9554, "peak_hour_mode": 16.0, "elevation_m": 83.864285526130544, "distance_to_coast_km": 20.442015285332545, "pop_over_65_pct": 8.1, "median_income": 24878.0, "pop_density": 7342.3482951968736, "impervious_surface_pct": 65.897406674584033, "approx_location": "Los Angeles", "n_tiles": 30, "tract_area_km2": 0.35914940206868695, "CIscoreP": 85.48915784, "pollution_burden_pctl": 80.14934661, "population_char_pctl": 80.44629349 }, "geometry": { "type": "Polygon", "coordinates": [ [ [ -118.274504000343768, 34.03296500016792 ], [ -118.274257999792127, 34.028644000002856 ], [ -118.274476000261046, 34.027465999991378 ], [ -118.281460000158035, 34.030583000256549 ], [ -118.279708000478934, 34.033290999571136 ], [ -118.278475000367337, 34.032741999761029 ], [ -118.276203000504893, 34.036269000372108 ], [ -118.274282999640789, 34.035398000357823 ], [ -118.274504000343768, 34.03296500016792 ] ] ] } },
{ "type": "Feature", "properties": { "tract_fips": "06037195902", "temp_max_15h": 29.14604, "temp_max_22h": 18.522265, "exceedance_hours_30C": 41.782623529411765, "persistence_max_hours": 4.2886, "peak_hour_mode": 16.0, "elevation_m": 107.35634846438289, "distance_to_coast_km": 21.826862051419706, "pop_over_65_pct": 7.1, "median_income": 68875.0, "pop_density": 5384.9081800559088, "impervious_surface_pct": 52.226080868176986, "approx_location": "Los Angeles", "n_tiles": 34, "tract_area_km2": 0.34615260607482579, "CIscoreP": 66.36409481, "pollution_burden_pctl": 76.57747355, "population_char_pctl": 52.9626828 }, "geometry": { "type": "Polygon", "coordinates": [ [ [ -118.275853866602716, 34.087488767242839 ], [ -118.279134000308375, 34.082289999990948 ], [ -118.281613999893793, 34.083372999577996 ], [ -118.283546999508943, 34.083890000219057 ], [ -118.281548000431954, 34.087090000162867 ], [ -118.281197999539501, 34.087107000021852 ], [ -118.278782000519442, 34.090929999831573 ], [ -118.277735999906795, 34.090494999758846 ], [ -118.277087999577049, 34.090008000063513 ], [ -118.275853866602716, 34.087488767242839 ] ] ] } },
{ "type": "Feature", "properties": { "tract_fips": "06037195901", "temp_max_15h": 29.2495, "temp_max_22h": 18.56045, "exceedance_hours_30C": 44.509170967741937, "persistence_max_hours": 4.2996, "peak_hour_mode": 16.0, "elevation_m": 103.94414782258134, "distance_to_coast_km": 21.682686111628648, "pop_over_65_pct": 11.8, "median_income": 64138.0, "pop_density": 7661.8335258968336, "impervious_surface_pct": 57.690356384021122, "approx_location": "Los Angeles", "n_tiles": 31, "tract_area_km2": 0.29196666730476301, "CIscoreP": 66.93141704, "pollution_burden_pctl": 68.94835096, "population_char_pctl": 58.19465456 }, "geometry": { "type": "Polygon", "coordinates": [ [ [ -118.283546830317022, 34.083889956197098 ], [ -118.283816000459908, 34.083459000148146 ], [ -118.28446599955889, 34.083732999604685 ], [ -118.284535000347276, 34.090873000261119 ], [ -118.283329000339108, 34.091200999813644 ], [ -118.281358999752754, 34.092486999763885 ], [ -118.280816000413793, 34.092563999962323 ], [ -118.2803710004804, 34.092462000046361 ], [ -118.278782000519442, 34.090929999831573 ], [ -118.281197999539501, 34.087107000021852 ], [ -118.281548000431954, 34.087090000162867 ], [ -118.283546830317022, 34.083889956197098 ] ] ] } },
{ "type": "Feature", "properties": { "tract_fips": "06037195804", "temp_max_15h": 29.005505, "temp_max_22h": 18.50935, "exceedance_hours_30C": 43.21075882352941, "persistence_max_hours": 4.1531, "peak_hour_mode": 16.0, "elevation_m": 114.79527491284665, "distance_to_coast_km": 22.068432483502153, "pop_over_65_pct": 13.3, "median_income": 71467.0, "pop_density": 7548.0738432629732, "impervious_surface_pct": 62.410852546296937, "approx_location": "Los Angeles", "n_tiles": 34, "tract_area_km2": 0.33558230253150306, "CIscoreP": 82.00958144000001, "pollution_burden_pctl": 91.13876789, "population_char_pctl": 64.03177005000001 }, "geometry": { "type": "Polygon", "coordinates": [ [ [ -118.26901000044279, 34.079518999909752 ], [ -118.271696000102907, 34.075039000396075 ], [ -118.276814999645651, 34.07734199992835 ], [ -118.273356000218755, 34.082961999716161 ], [ -118.271276000222358, 34.081439999707769 ], [ -118.269757000374341, 34.07995600016303 ], [ -118.26901000044279, 34.079518999909752 ] ] ] } },
{ "type": "Feature", "properties": { "tract_fips": "06037195803", "temp_max_15h": 28.748005, "temp_max_22h": 18.525865, "exceedance_hours_30C": 39.586, "persistence_max_hours": 4.1052, "peak_hour_mode": 16.0, "elevation_m": 110.14905852349351, "distance_to_coast_km": 21.837444248305165, "pop_over_65_pct": 9.3, "median_income": 83167.0, "pop_density": 6965.9113338497573, "impervious_surface_pct": 60.686770747577775, "approx_location": "Los Angeles", "n_tiles": 38, "tract_area_km2": 0.37812712131440557, "CIscoreP": 81.64397378, "pollution_burden_pctl": 88.48786559, "population_char_pctl": 66.301059 }, "geometry": { "type": "Polygon", "coordinates": [ [ [ -118.273356000218755, 34.082961999716161 ], [ -118.276814999645651, 34.07734199992835 ], [ -118.281079999884071, 34.079206999984287 ], [ -118.275831000484771, 34.087524999843794 ], [ -118.274123999986585, 34.083937000015993 ], [ -118.273356000218755, 34.082961999716161 ] ] ] } },
{ "type": "Feature", "properties": { "tract_fips": "06037195202", "temp_max_15h": 27.637665, "temp_max_22h": 17.84748, "exceedance_hours_30C": 21.374278409090909, "persistence_max_hours": 3.5967, "peak_hour_mode": 16.0, "elevation_m": 143.51890240718924, "distance_to_coast_km": 22.679842668539873, "pop_over_65_pct": 10.0, "median_income": 117630.0, "pop_density": 3773.007711603138, "impervious_surface_pct": 50.211049468138206, "approx_location": "Los Angeles", "n_tiles": 88, "tract_area_km2": 0.8756939430150652, "CIscoreP": 48.23499748, "pollution_burden_pctl": 66.27255756, "population_char_pctl": 35.93040847 }, "geometry": { "type": "Polygon", "coordinates": [ [ [ -118.273049549845581, 34.102534449586521 ], [ -118.273323000462128, 34.100225000183983 ], [ -118.273740999696884, 34.099184999644542 ], [ -118.274421999804105, 34.09834099980911 ], [ -118.275502999848712, 34.097438999829393 ], [ -118.276295000109641, 34.096192999633502 ], [ -118.277161999602427, 34.095776000443514 ], [ -118.278667000080645, 34.095784000034897 ], [ -118.278623999563806, 34.101805999675712 ], [ -118.285219999707692, 34.101797999897883 ], [ -118.285232999510683, 34.105424999566189 ], [ -118.283048999756133, 34.105430999915754 ], [ -118.283054000350234, 34.107311999632259 ], [ -118.281729000528145, 34.108336999598819 ], [ -118.278344999988562, 34.10834000032068 ], [ -118.273360999674438, 34.104052999996448 ], [ -118.273049549845581, 34.102534449586521 ] ] ] } },
{ "type": "Feature", "properties": { "tract_fips": "06037195201", "temp_max_15h": 27.478415, "temp_max_22h": 17.767865, "exceedance_hours_30C": 21.84854, "persistence_max_hours": 3.2358, "peak_hour_mode": 16.0, "elevation_m": 149.65098921711544, "distance_to_coast_km": 22.98505362660822, "pop_over_65_pct": 12.4, "median_income": 85114.0, "pop_density": 5204.9362680757577, "impervious_surface_pct": 59.834423567784867, "approx_location": "Los Angeles", "n_tiles": 60, "tract_area_km2": 0.6009679732651958, "CIscoreP": 52.19364599, "pollution_burden_pctl": 74.7230865, "population_char_pctl": 36.13212305 }, "geometry": { "type": "Polygon", "coordinates": [ [ [ -118.28094837612484, 34.111646026885737 ], [ -118.279011000302177, 34.110759000269631 ], [ -118.276673000453002, 34.110981999743579 ], [ -118.273458999705284, 34.110910000077226 ], [ -118.27138500020007, 34.109180000378778 ], [ -118.273360999674438, 34.104052999996448 ], [ -118.278344999988562, 34.10834000032068 ], [ -118.281729000528145, 34.108336999598819 ], [ -118.283054000350234, 34.107311999632259 ], [ -118.283048999756133, 34.105430999915754 ], [ -118.285232999510683, 34.105424999566189 ], [ -118.28523800006127, 34.111141999977768 ], [ -118.284757000023177, 34.11135599955508 ], [ -118.283000000537285, 34.11168499982783 ], [ -118.282503000031653, 34.111948999653535 ], [ -118.281573000366535, 34.111931999966387 ], [ -118.28094837612484, 34.111646026885737 ] ] ] } },
{ "type": "Feature", "properties": { "tract_fips": "06037191500", "temp_max_15h": 28.05088, "temp_max_22h": 18.5963, "exceedance_hours_30C": 33.1585775, "persistence_max_hours": 4.114, "peak_hour_mode": 16.0, "elevation_m": 108.36630383160444, "distance_to_coast_km": 20.463059829693787, "pop_over_65_pct": 13.5, "median_income": 49726.0, "pop_density": 9241.6422063801783, "impervious_surface_pct": 79.294819634598511, "approx_location": "Los Angeles", "n_tiles": 40, "tract_area_km2": 0.64176905657583228, "CIscoreP": 95.48663641, "pollution_burden_pctl": 90.46670815, "population_char_pctl": 91.301059 }, "geometry": { "type": "Polygon", "coordinates": [ [ [ -118.291710000522968, 34.083587999645992 ], [ -118.298832000375853, 34.083562999686059 ], [ -118.300450999533908, 34.084681000307874 ], [ -118.300482000522081, 34.090822000137216 ], [ -118.291735000042323, 34.090873999747878 ], [ -118.291710000522968, 34.083587999645992 ] ] ] } },
{ "type": "Feature", "properties": { "tract_fips": "06037191410", "temp_max_15h": 28.957075, "temp_max_22h": 18.560985, "exceedance_hours_30C": 40.558, "persistence_max_hours": 4.0692, "peak_hour_mode": 16.0, "elevation_m": 98.648689947474779, "distance_to_coast_km": 21.194891080720858, "pop_over_65_pct": 8.4, "median_income": 42538.0, "pop_density": 14916.034583564018, "impervious_surface_pct": 81.75806118269044, "approx_location": "Los Angeles", "n_tiles": 30, "tract_area_km2": 0.31147688576154337, "CIscoreP": 87.20373172, "pollution_burden_pctl": 78.74299938, "population_char_pctl": 84.14019163 }, "geometry": { "type": "Polygon", "coordinates": [ [ [ -118.291720190050455, 34.086669997011604 ], [ -118.291735000042323, 34.090873999747878 ], [ -118.284535000347276, 34.090873000261119 ], [ -118.284493000129586, 34.086640999959975 ], [ -118.291720190050455, 34.086669997011604 ] ] ] } },
{ "type": "Feature", "properties": { "tract_fips": "06037191302", "temp_max_15h": 28.53664, "temp_max_22h": 18.385565, "exceedance_hours_30C": 30.37124, "persistence_max_hours": 3.8939, "peak_hour_mode": 16.0, "elevation_m": 127.73430748894758, "distance_to_coast_km": 21.531281549955491, "pop_over_65_pct": 9.3, "median_income": 45982.0, "pop_density": 4607.2255490714488, "impervious_surface_pct": 84.17021833180506, "approx_location": "Los Angeles", "n_tiles": 40, "tract_area_km2": 0.42259706612201847, "CIscoreP": 81.54311649, "pollution_burden_pctl": 68.64965775, "population_char_pctl": 82.09783157 }, "geometry": { "type": "Polygon", "coordinates": [ [ [ -118.291742801247437, 34.093445000573958 ], [ -118.291767999896436, 34.101227999855745 ], [ -118.285817000337332, 34.097299999791787 ], [ -118.282801999968711, 34.094632999890152 ], [ -118.284154999673817, 34.093454999766031 ], [ -118.291742801247437, 34.093445000573958 ] ] ] } },
{ "type": "Feature", "properties": { "tract_fips": "06037189202", "temp_max_15h": 26.86868, "temp_max_22h": 17.6185, "exceedance_hours_30C": 21.806046376811594, "persistence_max_hours": 3.0428, "peak_hour_mode": 16.0, "elevation_m": 153.57283325676789, "distance_to_coast_km": 21.754527440226489, "pop_over_65_pct": 18.6, "median_income": 118018.0, "pop_density": 2323.5616419717835, "impervious_surface_pct": 42.310240881141532, "approx_location": "Los Angeles", "n_tiles": 69, "tract_area_km2": 1.0311755697459117, "CIscoreP": 58.52244075, "pollution_burden_pctl": 62.22775358, "population_char_pctl": 50.79425113 }, "geometry": { "type": "Polygon", "coordinates": [ [ [ -118.290485865912714, 34.115869616711592 ], [ -118.290133000234889, 34.114622999654003 ], [ -118.290466999834592, 34.1138469999539 ], [ -118.291550000189318, 34.113137999846998 ], [ -118.291863000380275, 34.112664999879982 ], [ -118.291782000425982, 34.105408999773076 ], [ -118.300555999756725, 34.105384999979272 ], [ -118.300561999807286, 34.10674599981305 ], [ -118.300235000125952, 34.106790000075065 ], [ -118.300103999899321, 34.107114000404614 ], [ -118.30030399957414, 34.108504000144983 ], [ -118.296719999692229, 34.109150000304183 ], [ -118.297328999647021, 34.109610000050708 ], [ -118.297576999839606, 34.110035999586692 ], [ -118.300555000027984, 34.109499999872511 ], [ -118.301542999706541, 34.112634999577445 ], [ -118.301290999985426, 34.1131979998151 ], [ -118.301429999764281, 34.113935999658679 ], [ -118.301280999572612, 34.114653999643551 ], [ -118.301098999494457, 34.114660000214009 ], [ -118.300823000278299, 34.114296999693558 ], [ -118.299969999832527, 34.113806000133074 ], [ -118.29983100001057, 34.113946000142803 ], [ -118.300239999467067, 34.114922000140268 ], [ -118.300131999491882, 34.115198999739569 ], [ -118.299749000030502, 34.115329000414313 ], [ -118.299277000440838, 34.114962999930356 ], [ -118.298791000055189, 34.11503100013789 ], [ -118.299190000370572, 34.116016999833612 ], [ -118.295798000510231, 34.116719000396635 ], [ -118.292443999933383, 34.117729000366488 ], [ -118.29151999997687, 34.117198000363572 ], [ -118.290485865912714, 34.115869616711592 ] ] ] } },
{ "type": "Feature", "properties": { "tract_fips": "06037189102", "temp_max_15h": 27.23288, "temp_max_22h": 17.68354, "exceedance_hours_30C": 20.854698412698411, "persistence_max_hours": 2.9905, "peak_hour_mode": 16.0, "elevation_m": 156.03512038262207, "distance_to_coast_km": 22.408962730069828, "pop_over_65_pct": 13.9, "median_income": 85708.0, "pop_density": 5368.8001197377789, "impervious_surface_pct": 52.295556829754574, "approx_location": "Los Angeles", "n_tiles": 63, "tract_area_km2": 0.62509311673981871, "CIscoreP": 56.9591528, "pollution_burden_pctl": 61.35656503, "population_char_pctl": 48.92839133 }, "geometry": { "type": "Polygon", "coordinates": [ [ [ -118.285237000212149, 34.107690999983831 ], [ -118.291789000390978, 34.107675999589183 ], [ -118.291805000374936, 34.112810999569597 ], [ -118.291550000189318, 34.113137999846998 ], [ -118.290466999834592, 34.1138469999539 ], [ -118.290192000077269, 34.114277000199195 ], [ -118.290136000294211, 34.114763999805149 ], [ -118.290352999987903, 34.115646000036648 ], [ -118.290923999971128, 34.116607000243377 ], [ -118.29151999997687, 34.117198000363572 ], [ -118.292443999933383, 34.117729000366488 ], [ -118.286135000228754, 34.118501999741291 ], [ -118.285516999698487, 34.113313999671185 ], [ -118.285238000011702, 34.112277999822936 ], [ -118.285237000212149, 34.107690999983831 ] ] ] } },
{ "type": "Feature", "properties": { "tract_fips": "06037189101", "temp_max_15h": 27.24893, "temp_max_22h": 17.69437, "exceedance_hours_30C": 20.768535897435896, "persistence_max_hours": 2.9843, "peak_hour_mode": 16.0, "elevation_m": 153.39095237643292, "distance_to_coast_km": 21.965460979847883, "pop_over_65_pct": 12.7, "median_income": 81591.0, "pop_density": 6378.5492938946454, "impervious_surface_pct": 73.55527382562731, "approx_location": "Los Angeles", "n_tiles": 39, "tract_area_km2": 0.39523093478528498, "CIscoreP": 59.46797781, "pollution_burden_pctl": 64.35594275, "population_char_pctl": 50.65557237 }, "geometry": { "type": "Polygon", "coordinates": [ [ [ -118.285219999707692, 34.101797999897883 ], [ -118.291770000186631, 34.101779999858316 ], [ -118.291789000390978, 34.107675999589183 ], [ -118.285237000212149, 34.107690999983831 ], [ -118.285219999707692, 34.101797999897883 ] ] ] } },
{ "type": "Feature", "properties": { "tract_fips": "06037188202", "temp_max_15h": 27.53144, "temp_max_22h": 17.78198, "exceedance_hours_30C": 21.973197333333335, "persistence_max_hours": 3.2042, "peak_hour_mode": 16.0, "elevation_m": 160.99961714206475, "distance_to_coast_km": 23.30782632658013, "pop_over_65_pct": 20.9, "median_income": 113267.0, "pop_density": 3200.4868116873281, "impervious_surface_pct": 41.926849401958137, "approx_location": "Los Angeles", "n_tiles": 75, "tract_area_km2": 0.75800968500819688, "CIscoreP": 62.43066062, "pollution_burden_pctl": 81.18232732, "population_char_pctl": 44.99495714 }, "geometry": { "type": "Polygon", "coordinates": [ [ [ -118.285242596335465, 34.112295067125366 ], [ -118.285516999698487, 34.113313999671185 ], [ -118.286135000228754, 34.118501999741291 ], [ -118.284525999818385, 34.118834999822994 ], [ -118.274236999742868, 34.119930999746643 ], [ -118.272748000117986, 34.117265000013361 ], [ -118.271939999924058, 34.116516000175899 ], [ -118.272572000098563, 34.116002999829462 ], [ -118.277632999882556, 34.113550000081574 ], [ -118.285242596335465, 34.112295067125366 ] ] ] } },
{ "type": "Feature", "properties": { "tract_fips": "06037195400", "temp_max_15h": 29.143225, "temp_max_22h": 18.5657, "exceedance_hours_30C": 42.296191509433967, "persistence_max_hours": 4.3161, "peak_hour_mode": 16.0, "elevation_m": 124.49566468502742, "distance_to_coast_km": 22.507600624222388, "pop_over_65_pct": 13.6, "median_income": 98461.0, "pop_density": 4321.2087494591306, "impervious_surface_pct": 51.500387332057599, "approx_location": "Los Angeles", "n_tiles": 106, "tract_area_km2": 1.0300358668294178, "CIscoreP": 45.22188603, "pollution_burden_pctl": 69.13503423, "population_char_pctl": 30.82450832 }, "geometry": { "type": "Polygon", "coordinates": [ [ [ -118.265586000414615, 34.09524900003747 ], [ -118.266063000332096, 34.094737000161928 ], [ -118.266253999576548, 34.094102000331766 ], [ -118.266757000370802, 34.093475999855869 ], [ -118.267438000103397, 34.093364000009167 ], [ -118.267653000469053, 34.093022999923448 ], [ -118.267269999816563, 34.092870999950136 ], [ -118.270379000101869, 34.088230999966996 ], [ -118.271106999544614, 34.086726000245179 ], [ -118.272777999550442, 34.084027000276329 ], [ -118.273282999594826, 34.083724000056797 ], [ -118.273591999472416, 34.08404600018109 ], [ -118.273809000318806, 34.085256000308483 ], [ -118.274228000162836, 34.085239999663088 ], [ -118.27447800044061, 34.084680000076922 ], [ -118.277087999577049, 34.090008000063513 ], [ -118.277588999857343, 34.090413999821578 ], [ -118.27909200042977, 34.091138999731228 ], [ -118.280587000176283, 34.092662999880766 ], [ -118.284127000373601, 34.095811999576604 ], [ -118.276555000087058, 34.095772999835546 ], [ -118.276014999981342, 34.095653000028491 ], [ -118.276117000145021, 34.095571000158259 ], [ -118.27563800003432, 34.095363000431682 ], [ -118.273041999619082, 34.095348999904921 ], [ -118.271957000251703, 34.09521499962699 ], [ -118.271167999745202, 34.095361999795145 ], [ -118.266231000019189, 34.095280000408522 ], [ -118.266013000438335, 34.095629999866631 ], [ -118.265586000414615, 34.09524900003747 ] ] ] } },
{ "type": "Feature", "properties": { "tract_fips": "06037192700", "temp_max_15h": 27.535465, "temp_max_22h": 18.53493, "exceedance_hours_30C": 30.641108333333335, "persistence_max_hours": 4.0245, "peak_hour_mode": 16.0, "elevation_m": 97.858968119551832, "distance_to_coast_km": 20.807885536158427, "pop_over_65_pct": 9.7, "median_income": 52603.0, "pop_density": 6489.1808865434887, "impervious_surface_pct": 72.600947979913599, "approx_location": "Los Angeles", "n_tiles": 48, "tract_area_km2": 0.53150005529236155, "CIscoreP": 85.28744327, "pollution_burden_pctl": 96.34100809, "population_char_pctl": 61.6616238 }, "geometry": { "type": "Polygon", "coordinates": [ [ [ -118.286809000306192, 34.076330999669473 ], [ -118.291685000423286, 34.076329999638759 ], [ -118.291710000522968, 34.083587999645992 ], [ -118.284464000400504, 34.083588999939074 ], [ -118.284398999648161, 34.0767169997659 ], [ -118.28627800005728, 34.076690999918853 ], [ -118.28680699951461, 34.076473999854301 ], [ -118.286809000306192, 34.076330999669473 ] ] ] } },
{ "type": "Feature", "properties": { "tract_fips": "06037195600", "temp_max_15h": 29.02302, "temp_max_22h": 18.48744, "exceedance_hours_30C": 43.922230188679251, "persistence_max_hours": 4.23, "peak_hour_mode": 16.0, "elevation_m": 126.92913332708625, "distance_to_coast_km": 22.775319821052165, "pop_over_65_pct": 11.5, "median_income": 72035.0, "pop_density": 5635.1589283385119, "impervious_surface_pct": 64.300859760887036, "approx_location": "Los Angeles", "n_tiles": 53, "tract_area_km2": 0.52314407410496899, "CIscoreP": 84.26626324, "pollution_burden_pctl": 91.3876789, "population_char_pctl": 67.76348966 }, "geometry": { "type": "Polygon", "coordinates": [ [ [ -118.267727000200395, 34.084726999695341 ], [ -118.260921999716757, 34.081774999574797 ], [ -118.260683000405834, 34.082166999851154 ], [ -118.260173999528263, 34.081944999673787 ], [ -118.260459000339594, 34.07811400040881 ], [ -118.264694000222292, 34.077411999620963 ], [ -118.265435000033548, 34.077492000186375 ], [ -118.266537000493443, 34.078286000318542 ], [ -118.269662000077517, 34.079888000372065 ], [ -118.271276000222358, 34.081439999707769 ], [ -118.273356000218755, 34.082961999716161 ], [ -118.272297000543062, 34.083248999822182 ], [ -118.269438000327668, 34.082011999957608 ], [ -118.267727000200395, 34.084726999695341 ] ] ] } },
{ "type": "Feature", "properties": { "tract_fips": "06037195100", "temp_max_15h": 29.0124, "temp_max_22h": 18.542875, "exceedance_hours_30C": 27.842153225806452, "persistence_max_hours": 5.3911, "peak_hour_mode": 16.0, "elevation_m": 139.21947687422164, "distance_to_coast_km": 23.538430164095576, "pop_over_65_pct": 15.3, "median_income": 127768.0, "pop_density": 2626.1349653817651, "impervious_surface_pct": 47.910120250447548, "approx_location": "Los Angeles", "n_tiles": 186, "tract_area_km2": 1.8955613727477791, "CIscoreP": 31.22793747, "pollution_burden_pctl": 88.01493466, "population_char_pctl": 11.69944528 }, "geometry": { "type": "Polygon", "coordinates": [ [ [ -118.259227999499274, 34.104636999765596 ], [ -118.259239000231005, 34.09616300030109 ], [ -118.259839999547324, 34.096164999807748 ], [ -118.261215999788305, 34.097031000293853 ], [ -118.262290999814809, 34.094984999976504 ], [ -118.263472999937733, 34.093768000232721 ], [ -118.263666000210748, 34.093282000448042 ], [ -118.263683000105345, 34.092536000255649 ], [ -118.264177999485668, 34.091948999973972 ], [ -118.264671000363236, 34.091865999904599 ], [ -118.265406999578133, 34.092027000383368 ], [ -118.26593099990383, 34.091835000006505 ], [ -118.267051000544043, 34.09228099980583 ], [ -118.266798999659741, 34.09267399995354 ], [ -118.267653000469053, 34.093022999923448 ], [ -118.267438000103397, 34.093364000009167 ], [ -118.266757000370802, 34.093475999855869 ], [ -118.266253999576548, 34.094102000331766 ], [ -118.266063000332096, 34.094737000161928 ], [ -118.26563400045859, 34.095081999958005 ], [ -118.265641000014341, 34.095414999817898 ], [ -118.266013000438335, 34.095629999866631 ], [ -118.266231000019189, 34.095280000408522 ], [ -118.271167999745202, 34.095361999795145 ], [ -118.271957000251703, 34.09521499962699 ], [ -118.273041999619082, 34.095348999904921 ], [ -118.27563800003432, 34.095363000431682 ], [ -118.276117000145021, 34.095571000158259 ], [ -118.276014999981342, 34.095653000028491 ], [ -118.277161999602427, 34.095776000443514 ], [ -118.276295000109641, 34.096192999633502 ], [ -118.275520000134208, 34.097418000405902 ], [ -118.274262999912054, 34.098500000200815 ], [ -118.273516000451821, 34.099627000454959 ], [ -118.273030999755605, 34.102443999742583 ], [ -118.273360999674438, 34.104052999996448 ], [ -118.27138500020007, 34.109180000378778 ], [ -118.266089999584935, 34.107762000118186 ], [ -118.263963000103445, 34.107404999905846 ], [ -118.26096299958418, 34.106087000180111 ], [ -118.259227999499274, 34.104636999765596 ] ] ] } },
{ "type": "Feature", "properties": { "tract_fips": "06037188201", "temp_max_15h": 27.40099, "temp_max_22h": 17.732435, "exceedance_hours_30C": 18.964233333333333, "persistence_max_hours": 3.1987, "peak_hour_mode": 16.0, "elevation_m": 147.37162025774424, "distance_to_coast_km": 23.659489881492878, "pop_over_65_pct": 8.3, "median_income": 81475.0, "pop_density": 4492.1189021465862, "impervious_surface_pct": 51.35313146416253, "approx_location": "Los Angeles", "n_tiles": 78, "tract_area_km2": 0.77313180609275634, "CIscoreP": 64.19566314, "pollution_burden_pctl": 88.25140012, "population_char_pctl": 42.59959657 }, "geometry": { "type": "Polygon", "coordinates": [ [ [ -118.267888999530115, 34.11265499988275 ], [ -118.267270999646144, 34.112278999552714 ], [ -118.266243000037562, 34.112700000284264 ], [ -118.265399999508418, 34.112129999599169 ], [ -118.263306000367436, 34.107119000359539 ], [ -118.264133000216717, 34.107461999912985 ], [ -118.266089999584935, 34.107762000118186 ], [ -118.271479999958089, 34.10920499997534 ], [ -118.273458999705284, 34.110910000077226 ], [ -118.273822000000166, 34.110999000101806 ], [ -118.276673000453002, 34.110981999743579 ], [ -118.279011000302177, 34.110759000269631 ], [ -118.280658000054757, 34.111427999992408 ], [ -118.281251999833344, 34.111873999567472 ], [ -118.282503000031653, 34.111948999653535 ], [ -118.283000000537285, 34.11168499982783 ], [ -118.284757000023177, 34.11135599955508 ], [ -118.28523800006127, 34.111141999977768 ], [ -118.285243000010809, 34.112295000170519 ], [ -118.277632999882556, 34.113550000081574 ], [ -118.272405999725038, 34.116102999696395 ], [ -118.271939999924058, 34.116516000175899 ], [ -118.271680999528385, 34.117003000066596 ], [ -118.270385000279646, 34.115161999575555 ], [ -118.267888999530115, 34.11265499988275 ] ] ] } },
{ "type": "Feature", "properties": { "tract_fips": "06037187101", "temp_max_15h": 29.582265, "temp_max_22h": 18.73939, "exceedance_hours_30C": 37.319439024390242, "persistence_max_hours": 8.9125, "peak_hour_mode": 16.0, "elevation_m": 144.34028557557278, "distance_to_coast_km": 24.91652430584249, "pop_over_65_pct": 22.5, "median_income": 76522.0, "pop_density": 4351.5642854181206, "impervious_surface_pct": 61.969932732737661, "approx_location": "Los Angeles", "n_tiles": 82, "tract_area_km2": 0.79006071713580561, "CIscoreP": 68.06606152000001, "pollution_burden_pctl": 98.29495955, "population_char_pctl": 35.37569339 }, "geometry": { "type": "Polygon", "coordinates": [ [ [ -118.257294000299495, 34.121446999876873 ], [ -118.254257999701551, 34.118761000413279 ], [ -118.254134999504458, 34.11886000042923 ], [ -118.252363000424779, 34.117349000277294 ], [ -118.254385000339511, 34.113001000283496 ], [ -118.256037999917496, 34.114422000089625 ], [ -118.261702999668543, 34.109797999807299 ], [ -118.266243000037562, 34.112700000284264 ], [ -118.264500999934114, 34.114849999822319 ], [ -118.257294000299495, 34.121446999876873 ] ] ] } },
{ "type": "Feature", "properties": { "tract_fips": "06037186404", "temp_max_15h": 30.2434, "temp_max_22h": 19.0399, "exceedance_hours_30C": 65.57542926829268, "persistence_max_hours": 9.9144, "peak_hour_mode": 16.0, "elevation_m": 145.60896152463391, "distance_to_coast_km": 26.438672743576781, "pop_over_65_pct": 9.5, "median_income": 62083.0, "pop_density": 6536.9638790535719, "impervious_surface_pct": 61.457728717690344, "approx_location": "Los Angeles", "n_tiles": 41, "tract_area_km2": 0.40248042496158304, "CIscoreP": 77.62228946, "pollution_burden_pctl": 85.14001245, "population_char_pctl": 62.94755421 }, "geometry": { "type": "Polygon", "coordinates": [ [ [ -118.237068864076136, 34.102209071514778 ], [ -118.238410000319305, 34.104735999906886 ], [ -118.238078999975528, 34.104950000236258 ], [ -118.238284999981005, 34.105705999793102 ], [ -118.238249999670771, 34.106573999842027 ], [ -118.236884000104368, 34.111848000344771 ], [ -118.235963999563623, 34.11162099960994 ], [ -118.233355000024432, 34.10902400022313 ], [ -118.231916999518972, 34.10598800011141 ], [ -118.231230999986337, 34.105088000438052 ], [ -118.231597999668011, 34.104782999784987 ], [ -118.232813999601603, 34.104468000376883 ], [ -118.237068864076136, 34.102209071514778 ] ] ] } },
{ "type": "Feature", "properties": { "tract_fips": "06037186403", "temp_max_15h": 30.481, "temp_max_22h": 19.1585, "exceedance_hours_30C": 75.248732075471693, "persistence_max_hours": 10.4416, "peak_hour_mode": 16.0, "elevation_m": 144.69838246234588, "distance_to_coast_km": 26.338895131910267, "pop_over_65_pct": 18.5, "median_income": 59861.0, "pop_density": 4970.4170103682209, "impervious_surface_pct": 66.16654593771041, "approx_location": "Los Angeles", "n_tiles": 53, "tract_area_km2": 0.54281159797498069, "CIscoreP": 95.38577912, "pollution_burden_pctl": 97.71001867, "population_char_pctl": 78.24004034 }, "geometry": { "type": "Polygon", "coordinates": [ [ [ -118.238078999975528, 34.104950000236258 ], [ -118.238410000319305, 34.104735999906886 ], [ -118.240002999895083, 34.106528999800183 ], [ -118.243520999594566, 34.111120000323474 ], [ -118.243661999836362, 34.111529000086001 ], [ -118.243578000037431, 34.112417000161066 ], [ -118.244160000339008, 34.113186999605901 ], [ -118.242046999570121, 34.114433999794549 ], [ -118.239817000465209, 34.115367000423291 ], [ -118.234894999798797, 34.117870000299341 ], [ -118.234494999923115, 34.117366999901321 ], [ -118.235304000115931, 34.116670999855785 ], [ -118.235865999580994, 34.115707000016123 ], [ -118.238203999737607, 34.106769999565508 ], [ -118.238303000297449, 34.105929000430194 ], [ -118.238078999975528, 34.104950000236258 ] ] ] } },
{ "type": "Feature", "properties": { "tract_fips": "06037186302", "temp_max_15h": 30.43704, "temp_max_22h": 19.16346, "exceedance_hours_30C": 75.530475147928996, "persistence_max_hours": 10.0619, "peak_hour_mode": 16.0, "elevation_m": 145.54599700793909, "distance_to_coast_km": 27.264030710727109, "pop_over_65_pct": 14.7, "median_income": 78264.0, "pop_density": 3027.2665496600966, "impervious_surface_pct": 37.6950791519128, "approx_location": "Los Angeles", "n_tiles": 169, "tract_area_km2": 1.6833667985305694, "CIscoreP": 77.26928896, "pollution_burden_pctl": 86.78282514, "population_char_pctl": 60.91780131 }, "geometry": { "type": "Polygon", "coordinates": [ [ [ -118.228823999476845, 34.119974999719489 ], [ -118.227058000233654, 34.118622000366557 ], [ -118.224703000059563, 34.119218000081801 ], [ -118.22424899946293, 34.119587000339273 ], [ -118.224274000367188, 34.118552000009835 ], [ -118.222861000405672, 34.116605999728485 ], [ -118.222932999537306, 34.116256000126171 ], [ -118.223563999704794, 34.115909999908219 ], [ -118.224025999500981, 34.115279999740487 ], [ -118.221008999537162, 34.111453000031219 ], [ -118.220910000158426, 34.110626000351758 ], [ -118.221507999770239, 34.108959000391579 ], [ -118.221978999600793, 34.108523000234676 ], [ -118.224890999607751, 34.106787999870321 ], [ -118.225359999691847, 34.106215999663789 ], [ -118.228676000090772, 34.104954000272976 ], [ -118.231597999668011, 34.104782999784987 ], [ -118.231230999986337, 34.105088000438052 ], [ -118.231916999518972, 34.10598800011141 ], [ -118.233355000024432, 34.10902400022313 ], [ -118.235963999563623, 34.11162099960994 ], [ -118.236884000104368, 34.111848000344771 ], [ -118.23577099979893, 34.115942999753166 ], [ -118.235214999961642, 34.116771000359002 ], [ -118.234494999923115, 34.117366999901321 ], [ -118.234894999798797, 34.117870000299341 ], [ -118.231522999934555, 34.119634999641825 ], [ -118.229700000470402, 34.121252000335218 ], [ -118.228823999476845, 34.119974999719489 ] ] ] } },
{ "type": "Feature", "properties": { "tract_fips": "06037186202", "temp_max_15h": 30.391715, "temp_max_22h": 19.178205, "exceedance_hours_30C": 79.768034210526324, "persistence_max_hours": 10.0618, "peak_hour_mode": 16.0, "elevation_m": 151.64862392489363, "distance_to_coast_km": 28.002145536742212, "pop_over_65_pct": 12.1, "median_income": 95089.0, "pop_density": 4888.1629002548889, "impervious_surface_pct": 61.062376822697203, "approx_location": "Los Angeles", "n_tiles": 38, "tract_area_km2": 0.41058369799732874, "CIscoreP": 46.60867373, "pollution_burden_pctl": 53.42874922, "population_char_pctl": 39.82602118 }, "geometry": { "type": "Polygon", "coordinates": [ [ [ -118.223332999716547, 34.122814000279583 ], [ -118.224368999961698, 34.122311000285883 ], [ -118.223844000241044, 34.121648000177991 ], [ -118.223508000075981, 34.121407999967623 ], [ -118.221981000149157, 34.120919000142251 ], [ -118.220938999502081, 34.119741999574337 ], [ -118.218375000176465, 34.117783000435736 ], [ -118.2190630005435, 34.116454999876844 ], [ -118.21945200011973, 34.116078000273681 ], [ -118.219796000302637, 34.116041000325737 ], [ -118.22238399967847, 34.116979000379779 ], [ -118.222744999812974, 34.116898999964725 ], [ -118.222861000405672, 34.116605999728485 ], [ -118.224274000367188, 34.118552000009835 ], [ -118.22424899946293, 34.119587000339273 ], [ -118.224703000059563, 34.119218000081801 ], [ -118.227058000233654, 34.118622000366557 ], [ -118.228823999476845, 34.119974999719489 ], [ -118.229700000470402, 34.121252000335218 ], [ -118.228688999546819, 34.122852999775922 ], [ -118.228113000342148, 34.122428000216992 ], [ -118.226054999640667, 34.123565000342531 ], [ -118.224366000277001, 34.124284999760334 ], [ -118.223332999716547, 34.122814000279583 ] ] ] } },
{ "type": "Feature", "properties": { "tract_fips": "06037185320", "temp_max_15h": 29.80572, "temp_max_22h": 19.002545, "exceedance_hours_30C": 68.259618965517234, "persistence_max_hours": 10.0708, "peak_hour_mode": 16.0, "elevation_m": 126.36440199846885, "distance_to_coast_km": 26.576775042107435, "pop_over_65_pct": 10.7, "median_income": 42202.0, "pop_density": 5026.330747106279, "impervious_surface_pct": 76.466994083171173, "approx_location": "Los Angeles", "n_tiles": 58, "tract_area_km2": 0.59506629199082373, "CIscoreP": 98.7771054, "pollution_burden_pctl": 98.48164281, "population_char_pctl": 89.40998487 }, "geometry": { "type": "Polygon", "coordinates": [ [ [ -118.219036000121676, 34.086430999859424 ], [ -118.22566200000756, 34.08137900005724 ], [ -118.226703000183548, 34.081154999731943 ], [ -118.227235000433652, 34.0812179999959 ], [ -118.227600999993257, 34.083039999991648 ], [ -118.226370000356042, 34.082678999932305 ], [ -118.225727000469504, 34.085662000270219 ], [ -118.225925999554079, 34.087804999938001 ], [ -118.226934999768289, 34.09004500006386 ], [ -118.230478999847264, 34.094337999664205 ], [ -118.228339000065262, 34.09558099988395 ], [ -118.225836999656096, 34.093862000330624 ], [ -118.223071000066057, 34.090506999574075 ], [ -118.222663000425044, 34.089188000048892 ], [ -118.222287000284524, 34.08858700045046 ], [ -118.221438999636462, 34.087879000021978 ], [ -118.219036000121676, 34.086430999859424 ] ] ] } },
{ "type": "Feature", "properties": { "tract_fips": "06037195500", "temp_max_15h": 29.06545, "temp_max_22h": 18.54359, "exceedance_hours_30C": 42.97287642276423, "persistence_max_hours": 5.4601, "peak_hour_mode": 16.0, "elevation_m": 131.61347888191665, "distance_to_coast_km": 23.15377854309817, "pop_over_65_pct": 13.5, "median_income": 99660.0, "pop_density": 4566.5449197812814, "impervious_surface_pct": 52.31524942881741, "approx_location": "Los Angeles", "n_tiles": 123, "tract_area_km2": 1.2149229006742643, "CIscoreP": 61.23298033, "pollution_burden_pctl": 85.02800249000001, "population_char_pctl": 41.0110943 }, "geometry": { "type": "Polygon", "coordinates": [ [ [ -118.261215999788305, 34.097031000293853 ], [ -118.259839999547324, 34.096164999807748 ], [ -118.259239000231005, 34.09616300030109 ], [ -118.259235999691924, 34.094036999751886 ], [ -118.258442000446649, 34.091341999886623 ], [ -118.259189000280799, 34.089782000013408 ], [ -118.259989999775357, 34.085489999825654 ], [ -118.260173999528263, 34.081944999673787 ], [ -118.260683000405834, 34.082166999851154 ], [ -118.260921999716757, 34.081774999574797 ], [ -118.267727000200395, 34.084726999695341 ], [ -118.269438000327668, 34.082011999957608 ], [ -118.272297000543062, 34.083248999822182 ], [ -118.273356000218755, 34.082961999716161 ], [ -118.27447800044061, 34.084680000076922 ], [ -118.274263000196513, 34.085201000127292 ], [ -118.273771000334946, 34.085222999658463 ], [ -118.273819000465267, 34.08489400029643 ], [ -118.273440000509737, 34.083798000137477 ], [ -118.273224000232659, 34.083727000018087 ], [ -118.27284199987885, 34.083945999778322 ], [ -118.271106999544614, 34.086726000245179 ], [ -118.270379000101869, 34.088230999966996 ], [ -118.267269999816563, 34.092870999950136 ], [ -118.266798999659741, 34.09267399995354 ], [ -118.267051000544043, 34.09228099980583 ], [ -118.26593099990383, 34.091835000006505 ], [ -118.265406999578133, 34.092027000383368 ], [ -118.264671000363236, 34.091865999904599 ], [ -118.264177999485668, 34.091948999973972 ], [ -118.263683000105345, 34.092536000255649 ], [ -118.263666000210748, 34.093282000448042 ], [ -118.263472999937733, 34.093768000232721 ], [ -118.262290999814809, 34.094984999976504 ], [ -118.261215999788305, 34.097031000293853 ] ] ] } },
{ "type": "Feature", "properties": { "tract_fips": "06037195710", "temp_max_15h": 29.103295, "temp_max_22h": 18.75384, "exceedance_hours_30C": 44.3151875, "persistence_max_hours": 4.6786, "peak_hour_mode": 16.0, "elevation_m": 115.23589334296575, "distance_to_coast_km": 22.280446840112745, "pop_over_65_pct": 9.5, "median_income": 45398.0, "pop_density": 9285.1232854128939, "impervious_surface_pct": 71.189715342882053, "approx_location": "Los Angeles", "n_tiles": 48, "tract_area_km2": 0.48324614138933003, "CIscoreP": 93.49470499, "pollution_burden_pctl": 95.86807716, "population_char_pctl": 77.98789713 }, "geometry": { "type": "Polygon", "coordinates": [ [ [ -118.265435000033548, 34.077492000186375 ], [ -118.264834999753319, 34.077399999840999 ], [ -118.263456999477356, 34.077619000405278 ], [ -118.268015999572469, 34.070264000212646 ], [ -118.273505999990121, 34.072076000386538 ], [ -118.26901000044279, 34.079518999909752 ], [ -118.266537000493443, 34.078286000318542 ], [ -118.265435000033548, 34.077492000186375 ] ] ] } },
{ "type": "Feature", "properties": { "tract_fips": "06037197410", "temp_max_15h": 29.99156, "temp_max_22h": 18.859035, "exceedance_hours_30C": 63.396595714285716, "persistence_max_hours": 11.1544, "peak_hour_mode": 16.0, "elevation_m": 132.11074942541276, "distance_to_coast_km": 24.563043147078034, "pop_over_65_pct": 12.0, "median_income": 100556.0, "pop_density": 3102.6641083494496, "impervious_surface_pct": 37.645130478611911, "approx_location": "Los Angeles", "n_tiles": 140, "tract_area_km2": 1.395897154430938, "CIscoreP": 67.30963187, "pollution_burden_pctl": 98.12072184, "population_char_pctl": 34.99747857 }, "geometry": { "type": "Polygon", "coordinates": [ [ [ -118.246927000004945, 34.098817000110934 ], [ -118.243822999976445, 34.095615000138288 ], [ -118.244568999641189, 34.095677000097865 ], [ -118.244702000021135, 34.095644999982575 ], [ -118.244684999988706, 34.095437999642684 ], [ -118.243074999461868, 34.09367799987367 ], [ -118.245063999923744, 34.091890000345742 ], [ -118.243791000252287, 34.09136799959937 ], [ -118.243904000103015, 34.090702000031506 ], [ -118.243707000261665, 34.090510000401686 ], [ -118.243679000103782, 34.089051000088425 ], [ -118.243852000157318, 34.08883699958988 ], [ -118.244641000051757, 34.088350000236076 ], [ -118.246191000127737, 34.087738000281853 ], [ -118.249976000138318, 34.089361000180752 ], [ -118.250230000507912, 34.087569999584893 ], [ -118.250610999806014, 34.08709100011324 ], [ -118.251778000170432, 34.086180999951409 ], [ -118.256882000125202, 34.088397000444424 ], [ -118.257152999697198, 34.087952999655066 ], [ -118.259351999959677, 34.08890899971081 ], [ -118.259146999644756, 34.089921999938639 ], [ -118.258520999824327, 34.090994000214707 ], [ -118.254748000331787, 34.094656000169095 ], [ -118.251151000471637, 34.099536999629137 ], [ -118.250291999964261, 34.101073999694506 ], [ -118.249831000173671, 34.10255700006801 ], [ -118.248826000394828, 34.101503999863603 ], [ -118.246927000004945, 34.098817000110934 ] ] ] } },
{ "type": "Feature", "properties": { "tract_fips": "06037195802", "temp_max_15h": 28.8112, "temp_max_22h": 18.5214, "exceedance_hours_30C": 38.4869243902439, "persistence_max_hours": 3.9997, "peak_hour_mode": 16.0, "elevation_m": 106.30215930135145, "distance_to_coast_km": 21.527427701315489, "pop_over_65_pct": 12.8, "median_income": 53889.0, "pop_density": 6730.3530246153523, "impervious_surface_pct": 72.798781525497802, "approx_location": "Los Angeles", "n_tiles": 41, "tract_area_km2": 0.39983043833778598, "CIscoreP": 96.5834594, "pollution_burden_pctl": 97.43621655, "population_char_pctl": 83.1820474 }, "geometry": { "type": "Polygon", "coordinates": [ [ [ -118.281079999884071, 34.079206999984287 ], [ -118.271696000102907, 34.075039000396075 ], [ -118.273505999990121, 34.072076000386538 ], [ -118.274849999822763, 34.072518999780989 ], [ -118.284398999648161, 34.0767169997659 ], [ -118.284409000233126, 34.077732000326812 ], [ -118.282482999965438, 34.077292000137724 ], [ -118.282042999847221, 34.077697999687238 ], [ -118.281079999884071, 34.079206999984287 ] ] ] } },
{ "type": "Feature", "properties": { "tract_fips": "06037197300", "temp_max_15h": 29.89973, "temp_max_22h": 18.83386, "exceedance_hours_30C": 47.147686567164179, "persistence_max_hours": 10.9578, "peak_hour_mode": 16.0, "elevation_m": 126.41997380099528, "distance_to_coast_km": 23.956854385225107, "pop_over_65_pct": 11.5, "median_income": 83843.0, "pop_density": 6163.1790324105768, "impervious_surface_pct": 50.789123618288293, "approx_location": "Los Angeles", "n_tiles": 67, "tract_area_km2": 0.65745291166970354, "CIscoreP": 77.13061019, "pollution_burden_pctl": 85.23957685000001, "population_char_pctl": 62.15330308 }, "geometry": { "type": "Polygon", "coordinates": [ [ [ -118.251650999599818, 34.080382000252229 ], [ -118.250915999624269, 34.076999000245557 ], [ -118.251068999814436, 34.077065999561889 ], [ -118.250799000544006, 34.076894999607404 ], [ -118.249892999938922, 34.074959000446697 ], [ -118.249883999524798, 34.074656000316175 ], [ -118.249384000205367, 34.074074999707037 ], [ -118.249669000420255, 34.073675999979734 ], [ -118.250120999628223, 34.073667999619985 ], [ -118.251725999953564, 34.074322000425873 ], [ -118.251971999710548, 34.074193999914392 ], [ -118.252731999924777, 34.0747569995535 ], [ -118.257339999963406, 34.076759000355672 ], [ -118.254654999893162, 34.081060999987066 ], [ -118.254451000427096, 34.083156000440312 ], [ -118.254240999673343, 34.083745000313549 ], [ -118.253447999951803, 34.084878999638427 ], [ -118.250422000487092, 34.087281000066248 ], [ -118.250121999853533, 34.087853999952706 ], [ -118.249976000138318, 34.089361000180752 ], [ -118.246191000127737, 34.087738000281853 ], [ -118.248823000015037, 34.085275999760256 ], [ -118.248834000128227, 34.083921999616408 ], [ -118.251650999599818, 34.080382000252229 ] ] ] } },
{ "type": "Feature", "properties": { "tract_fips": "06037197200", "temp_max_15h": 29.826945, "temp_max_22h": 18.801005, "exceedance_hours_30C": 62.728520512820509, "persistence_max_hours": 10.2971, "peak_hour_mode": 16.0, "elevation_m": 127.18909031934456, "distance_to_coast_km": 25.825670324760921, "pop_over_65_pct": 15.8, "median_income": 59719.0, "pop_density": 5025.0870367065045, "impervious_surface_pct": 70.392259564807588, "approx_location": "Los Angeles", "n_tiles": 78, "tract_area_km2": 0.77789697401181734, "CIscoreP": 75.45385779, "pollution_burden_pctl": 98.76789048000001, "population_char_pctl": 42.397882 }, "geometry": { "type": "Polygon", "coordinates": [ [ [ -118.239241000257479, 34.095160000110795 ], [ -118.238575999971999, 34.09467199981713 ], [ -118.237807000370424, 34.094343999738918 ], [ -118.233931999518362, 34.093605000289948 ], [ -118.232420999536615, 34.093031000386318 ], [ -118.231452000479592, 34.092463999988439 ], [ -118.230592000466601, 34.091696000437018 ], [ -118.229369999908982, 34.090153999943773 ], [ -118.228845000180229, 34.089099000275333 ], [ -118.228299000106119, 34.086579000140425 ], [ -118.227875999964098, 34.083154999773484 ], [ -118.23753600052757, 34.089397999646565 ], [ -118.238918000007303, 34.090604000366326 ], [ -118.243822999976445, 34.095615000138288 ], [ -118.242848999983707, 34.095460999836142 ], [ -118.242327000216292, 34.095055000436091 ], [ -118.240448000106682, 34.096538999990258 ], [ -118.239241000257479, 34.095160000110795 ] ] ] } },
{ "type": "Feature", "properties": { "tract_fips": "06037195300", "temp_max_15h": 28.078135, "temp_max_22h": 18.05822, "exceedance_hours_30C": 21.71247, "persistence_max_hours": 3.5912, "peak_hour_mode": 16.0, "elevation_m": 139.30581428356794, "distance_to_coast_km": 22.070509599764556, "pop_over_65_pct": 9.4, "median_income": 75104.0, "pop_density": 5318.3469654726059, "impervious_surface_pct": 68.168534780097573, "approx_location": "Los Angeles", "n_tiles": 60, "tract_area_km2": 0.58081957045190657, "CIscoreP": 64.95209279, "pollution_burden_pctl": 76.30367144, "population_char_pctl": 51.29853757 }, "geometry": { "type": "Polygon", "coordinates": [ [ [ -118.278667000080645, 34.095784000034897 ], [ -118.284127000373601, 34.095811999576604 ], [ -118.286065000091654, 34.097481000444901 ], [ -118.291767999896436, 34.101227999855745 ], [ -118.291770000186631, 34.101779999858316 ], [ -118.278623999563806, 34.101805999675712 ], [ -118.278667000080645, 34.095784000034897 ] ] ] } },
{ "type": "Feature", "properties": { "tract_fips": "06037224200", "temp_max_15h": 27.8603, "temp_max_22h": 19.26144, "exceedance_hours_30C": 27.065327027027028, "persistence_max_hours": 3.9711, "peak_hour_mode": 16.0, "elevation_m": 80.999438686556772, "distance_to_coast_km": 20.60495488570815, "pop_over_65_pct": 6.4, "median_income": 31996.0, "pop_density": 6875.1223947149065, "impervious_surface_pct": 80.008799340555413, "approx_location": "Los Angeles", "n_tiles": 37, "tract_area_km2": 0.3719206514731484, "CIscoreP": 96.82299546, "pollution_burden_pctl": 88.57498444, "population_char_pctl": 96.31870903 }, "geometry": { "type": "Polygon", "coordinates": [ [ [ -118.27953724204005, 34.03778406090926 ], [ -118.281822999545696, 34.037475000055743 ], [ -118.279155999728786, 34.041548000183504 ], [ -118.278751000141156, 34.041725999759272 ], [ -118.276875000119162, 34.044623999922926 ], [ -118.272749000095999, 34.042761000082685 ], [ -118.27345399955955, 34.040976000108337 ], [ -118.273904000462053, 34.038055999767728 ], [ -118.278405999882267, 34.03793700002683 ], [ -118.27953724204005, 34.03778406090926 ] ] ] } },
{ "type": "Feature", "properties": { "tract_fips": "06037206050", "temp_max_15h": 29.1431, "temp_max_22h": 19.7654, "exceedance_hours_30C": 63.438452325581395, "persistence_max_hours": 10.6178, "peak_hour_mode": 2.0, "elevation_m": 94.338511097270484, "distance_to_coast_km": 25.396653754312585, "pop_over_65_pct": 27.4, "median_income": 23380.0, "pop_density": 1167.3187508630942, "impervious_surface_pct": 85.350906421746998, "approx_location": "Los Angeles", "n_tiles": 86, "tract_area_km2": 1.7398846703167541, "CIscoreP": 99.76046394, "pollution_burden_pctl": 99.73864343, "population_char_pctl": 91.13716591 }, "geometry": { "type": "Polygon", "coordinates": [ [ [ -118.219893000503802, 34.032299999763993 ], [ -118.220472000125071, 34.029430999919285 ], [ -118.218600999762899, 34.029526999907027 ], [ -118.219448999667478, 34.028085999707692 ], [ -118.220238000453833, 34.02046199998334 ], [ -118.219925999993123, 34.014956000072424 ], [ -118.22271199947123, 34.014942999937944 ], [ -118.227109999637179, 34.034549000177094 ], [ -118.227694999888797, 34.038436000268824 ], [ -118.228687999719781, 34.041548999664208 ], [ -118.227418999654176, 34.041574000229325 ], [ -118.222918999852538, 34.042906999640202 ], [ -118.217442000265123, 34.043149999633961 ], [ -118.217246999865537, 34.043063000297373 ], [ -118.219215999857667, 34.040085000242819 ], [ -118.219777000214307, 34.038660999981921 ], [ -118.218934000164182, 34.036839000334936 ], [ -118.218848000224568, 34.036109999650861 ], [ -118.219893000503802, 34.032299999763993 ] ] ] } },
{ "type": "Feature", "properties": { "tract_fips": "06037209102", "temp_max_15h": 29.32915, "temp_max_22h": 19.13515, "exceedance_hours_30C": 43.552964516129038, "persistence_max_hours": 5.2941, "peak_hour_mode": 16.0, "elevation_m": 100.96047336719197, "distance_to_coast_km": 21.763141421825296, "pop_over_65_pct": 7.9, "median_income": 29190.0, "pop_density": 19593.725139530008, "impervious_surface_pct": 82.840395516744067, "approx_location": "Los Angeles", "n_tiles": 31, "tract_area_km2": 0.30366864685653755, "CIscoreP": 95.31013616, "pollution_burden_pctl": 86.26011201, "population_char_pctl": 94.75542108 }, "geometry": { "type": "Polygon", "coordinates": [ [ [ -118.265822837888464, 34.051491259495116 ], [ -118.271140999679048, 34.053893999664659 ], [ -118.269095000186056, 34.056975999650149 ], [ -118.269862000258428, 34.057309999955123 ], [ -118.268236999521662, 34.059828999590565 ], [ -118.267240999873948, 34.058973000099066 ], [ -118.266757000344114, 34.058001000202552 ], [ -118.265821000099933, 34.05711700002778 ], [ -118.266283999636713, 34.05579900033193 ], [ -118.263771999499511, 34.054748000159961 ], [ -118.265822837888464, 34.051491259495116 ] ] ] } },
{ "type": "Feature", "properties": { "tract_fips": "06037209300", "temp_max_15h": 29.391785, "temp_max_22h": 19.145575, "exceedance_hours_30C": 43.678036666666671, "persistence_max_hours": 5.3168, "peak_hour_mode": 16.0, "elevation_m": 95.69084410533172, "distance_to_coast_km": 21.58219192226111, "pop_over_65_pct": 6.7, "median_income": 30092.0, "pop_density": 15949.333765057227, "impervious_surface_pct": 83.008189028315982, "approx_location": "Los Angeles", "n_tiles": 30, "tract_area_km2": 0.30628238595786089, "CIscoreP": 94.11245587000001, "pollution_burden_pctl": 90.60360921, "population_char_pctl": 87.65758951 }, "geometry": { "type": "Polygon", "coordinates": [ [ [ -118.262596000072776, 34.050252999765327 ], [ -118.266540000252647, 34.047858999879345 ], [ -118.273145000519648, 34.050833999632758 ], [ -118.271140999679048, 34.053893999664659 ], [ -118.265777999476171, 34.051470999691652 ], [ -118.262596000072776, 34.050252999765327 ] ] ] } },
{ "type": "Feature", "properties": { "tract_fips": "06037209200", "temp_max_15h": 29.21529, "temp_max_22h": 19.12678, "exceedance_hours_30C": 41.20974871794872, "persistence_max_hours": 5.2474, "peak_hour_mode": 16.0, "elevation_m": 102.28088442305405, "distance_to_coast_km": 22.313790392522062, "pop_over_65_pct": 5.9, "median_income": 54894.0, "pop_density": 11145.047893375064, "impervious_surface_pct": 80.110770825701124, "approx_location": "Los Angeles", "n_tiles": 39, "tract_area_km2": 0.40780443866030208, "CIscoreP": 88.38880484000001, "pollution_burden_pctl": 93.8394524, "population_char_pctl": 70.83963691 }, "geometry": { "type": "Polygon", "coordinates": [ [ [ -118.259637465647799, 34.052157310716474 ], [ -118.262596000072776, 34.050252999765327 ], [ -118.265822999598868, 34.051490999582562 ], [ -118.261595000351278, 34.058299000330024 ], [ -118.258234000067546, 34.056889000337677 ], [ -118.256551999485978, 34.056513999821767 ], [ -118.255896999590703, 34.056087000422544 ], [ -118.259637465647799, 34.052157310716474 ] ] ] } },
{ "type": "Feature", "properties": { "tract_fips": "06037210010", "temp_max_15h": 29.246905, "temp_max_22h": 19.155225, "exceedance_hours_30C": 38.207311904761909, "persistence_max_hours": 5.1715, "peak_hour_mode": 16.0, "elevation_m": 90.378086698442772, "distance_to_coast_km": 21.132316535045582, "pop_over_65_pct": 14.4, "median_income": 31712.0, "pop_density": 8663.5531201440062, "impervious_surface_pct": 80.551990187066522, "approx_location": "Los Angeles", "n_tiles": 42, "tract_area_km2": 0.41103228093796335, "CIscoreP": 89.72516389, "pollution_burden_pctl": 91.46235221000001, "population_char_pctl": 76.85325265 }, "geometry": { "type": "Polygon", "coordinates": [ [ [ -118.271760000495362, 34.044176000205901 ], [ -118.272749000095999, 34.042761000082685 ], [ -118.276875000119162, 34.044623999922926 ], [ -118.276666999800739, 34.045186999640201 ], [ -118.273145000519648, 34.050833999632758 ], [ -118.266540000252647, 34.047858999879345 ], [ -118.270403000423656, 34.045424000209536 ], [ -118.271760000495362, 34.044176000205901 ] ] ] } },
{ "type": "Feature", "properties": { "tract_fips": "06037188300", "temp_max_15h": 29.6123, "temp_max_22h": 18.74635, "exceedance_hours_30C": 27.601190109890108, "persistence_max_hours": 9.7701, "peak_hour_mode": 16.0, "elevation_m": 145.44367963990675, "distance_to_coast_km": 24.797438659732745, "pop_over_65_pct": 15.8, "median_income": 114318.0, "pop_density": 4116.9469852831862, "impervious_surface_pct": 59.379983402681077, "approx_location": "Los Angeles", "n_tiles": 91, "tract_area_km2": 0.92301407173418226, "CIscoreP": 74.40746344, "pollution_burden_pctl": 96.39079029, "population_char_pctl": 46.55824508 }, "geometry": { "type": "Polygon", "coordinates": [ [ [ -118.264500999934114, 34.114849999822319 ], [ -118.26539099949764, 34.113684000391089 ], [ -118.267349999832859, 34.115764999635473 ], [ -118.26996699951826, 34.121213000234853 ], [ -118.270071000216532, 34.122066000440043 ], [ -118.269593999885956, 34.12275199988035 ], [ -118.269051000363405, 34.123200999890187 ], [ -118.261872999844968, 34.126936999816841 ], [ -118.259611000059294, 34.123914000307757 ], [ -118.257294000299495, 34.121446999876873 ], [ -118.264500999934114, 34.114849999822319 ] ] ] } },
{ "type": "Feature", "properties": { "tract_fips": "06037213402", "temp_max_15h": 27.76024, "temp_max_22h": 19.052775, "exceedance_hours_30C": 31.157190476190479, "persistence_max_hours": 3.9855, "peak_hour_mode": 16.0, "elevation_m": 79.65659718271138, "distance_to_coast_km": 19.800614516984346, "pop_over_65_pct": 9.0, "median_income": 42766.0, "pop_density": 12300.708506234047, "impervious_surface_pct": 77.645754691682626, "approx_location": "Los Angeles", "n_tiles": 42, "tract_area_km2": 0.3948553042727948, "CIscoreP": 81.03883006, "pollution_burden_pctl": 71.78593653, "population_char_pctl": 78.80736258 }, "geometry": { "type": "Polygon", "coordinates": [ [ [ -118.291226082193688, 34.05247936655072 ], [ -118.284192999637483, 34.052416000424174 ], [ -118.284128000407023, 34.04728299988237 ], [ -118.291596999761225, 34.047260000151034 ], [ -118.291611999513506, 34.052538999633903 ], [ -118.291226082193688, 34.05247936655072 ] ] ] } },
{ "type": "Feature", "properties": { "tract_fips": "06037213320", "temp_max_15h": 27.82239, "temp_max_22h": 19.059685, "exceedance_hours_30C": 31.634070588235296, "persistence_max_hours": 4.0121, "peak_hour_mode": 16.0, "elevation_m": 83.951011476231642, "distance_to_coast_km": 19.305579703722557, "pop_over_65_pct": 16.1, "median_income": 26759.0, "pop_density": 7860.8668780011585, "impervious_surface_pct": 83.66666848262733, "approx_location": "Los Angeles", "n_tiles": 34, "tract_area_km2": 0.3140874967504616, "CIscoreP": 83.10640444000001, "pollution_burden_pctl": 71.99751089, "population_char_pctl": 82.08522441 }, "geometry": { "type": "Polygon", "coordinates": [ [ [ -118.293565999601029, 34.047253000102444 ], [ -118.295858000244351, 34.047244000185145 ], [ -118.295800000105771, 34.054506999707264 ], [ -118.291617999837541, 34.054527000305725 ], [ -118.291596999761225, 34.047260000151034 ], [ -118.293565999601029, 34.047253000102444 ] ] ] } },
{ "type": "Feature", "properties": { "tract_fips": "06037221710", "temp_max_15h": 28.017725, "temp_max_22h": 19.311125, "exceedance_hours_30C": 27.159680555555557, "persistence_max_hours": 4.0317, "peak_hour_mode": 16.0, "elevation_m": 71.007128479720024, "distance_to_coast_km": 19.507879008228642, "pop_over_65_pct": 15.8, "median_income": 39212.0, "pop_density": 8599.9998714590438, "impervious_surface_pct": 71.343650553381337, "approx_location": "Los Angeles", "n_tiles": 36, "tract_area_km2": 0.32941860957485847, "CIscoreP": 83.15683308, "pollution_burden_pctl": 73.62787803000001, "population_char_pctl": 80.92536561 }, "geometry": { "type": "Polygon", "coordinates": [ [ [ -118.283964999695883, 34.031697999556776 ], [ -118.286430000218957, 34.03276700014861 ], [ -118.29153900039698, 34.032762999608252 ], [ -118.291549000481396, 34.036837000034261 ], [ -118.285646000232063, 34.036819000388221 ], [ -118.284009000270032, 34.037034000275952 ], [ -118.283964999695883, 34.031697999556776 ] ] ] } },
{ "type": "Feature", "properties": { "tract_fips": "06037302102", "temp_max_15h": 30.4952, "temp_max_22h": 19.2126, "exceedance_hours_30C": 87.125720792079207, "persistence_max_hours": 10.0726, "peak_hour_mode": 3.0, "elevation_m": 164.32077545920166, "distance_to_coast_km": 27.788089603772885, "pop_over_65_pct": 18.9, "median_income": 76602.0, "pop_density": 5727.4538989794119, "impervious_surface_pct": 54.478049615830798, "approx_location": "Glendale", "n_tiles": 101, "tract_area_km2": 1.038157635988922, "CIscoreP": 66.60363086, "pollution_burden_pctl": 65.77473553, "population_char_pctl": 60.2118003 }, "geometry": { "type": "Polygon", "coordinates": [ [ [ -118.229156000329596, 34.139073000419422 ], [ -118.229148999596163, 34.138078999679465 ], [ -118.227876999585462, 34.138084000065938 ], [ -118.227751000413917, 34.135600999803572 ], [ -118.233598000484392, 34.13559999977663 ], [ -118.233604999836729, 34.134510000248127 ], [ -118.236272999785427, 34.134497999760519 ], [ -118.236607999729515, 34.132714999811661 ], [ -118.236018999599153, 34.12882999965786 ], [ -118.235312000042654, 34.127601999814658 ], [ -118.235237999609836, 34.126720000164312 ], [ -118.238784999650576, 34.126232999871306 ], [ -118.242288000503024, 34.132408999636432 ], [ -118.242300000293938, 34.132643000417659 ], [ -118.242085000404799, 34.132642000347914 ], [ -118.241484999662802, 34.133118000316621 ], [ -118.241749000266424, 34.133994000321472 ], [ -118.241767999501278, 34.139018000323667 ], [ -118.237345000490862, 34.139003000430513 ], [ -118.233570000246672, 34.139877000136373 ], [ -118.233559000381035, 34.140265000263099 ], [ -118.228787000218432, 34.140252000188227 ], [ -118.228783999489309, 34.139073000293024 ], [ -118.229156000329596, 34.139073000419422 ] ] ] } },
{ "type": "Feature", "properties": { "tract_fips": "06037221602", "temp_max_15h": 28.01406, "temp_max_22h": 19.30558, "exceedance_hours_30C": 27.421169696969695, "persistence_max_hours": 4.0361, "peak_hour_mode": 16.0, "elevation_m": 70.514265840494076, "distance_to_coast_km": 19.16490988691988, "pop_over_65_pct": 10.2, "median_income": 36008.0, "pop_density": 5797.3497886711084, "impervious_surface_pct": 81.487483125714931, "approx_location": "Los Angeles", "n_tiles": 33, "tract_area_km2": 0.52265261032223287, "CIscoreP": 82.37518911, "pollution_burden_pctl": 79.68886123, "population_char_pctl": 75.44125063 }, "geometry": { "type": "Polygon", "coordinates": [ [ [ -118.287917999822042, 34.036795999935265 ], [ -118.30027199978548, 34.036939000005006 ], [ -118.300348999478842, 34.039968999812899 ], [ -118.284513000039851, 34.040042000065156 ], [ -118.284101999868938, 34.039854999760259 ], [ -118.284009000270032, 34.037034000275952 ], [ -118.285646000232063, 34.036819000388221 ], [ -118.287917999822042, 34.036795999935265 ] ] ] } },
{ "type": "Feature", "properties": { "tract_fips": "06037211120", "temp_max_15h": 27.785745, "temp_max_22h": 19.100215, "exceedance_hours_30C": 31.05191551724138, "persistence_max_hours": 4.1073, "peak_hour_mode": 16.0, "elevation_m": 83.394221652297929, "distance_to_coast_km": 20.271160354653325, "pop_over_65_pct": 10.0, "median_income": 52342.0, "pop_density": 9936.4879593634705, "impervious_surface_pct": 77.933957003354735, "approx_location": "Los Angeles", "n_tiles": 58, "tract_area_km2": 0.56710177912407767, "CIscoreP": 76.04639435, "pollution_burden_pctl": 76.78904792, "population_char_pctl": 67.22138174 }, "geometry": { "type": "Polygon", "coordinates": [ [ [ -118.285815000527549, 34.068986000115586 ], [ -118.284333999596896, 34.068528000072988 ], [ -118.284302000483635, 34.063715000124326 ], [ -118.28229400052561, 34.062865000126671 ], [ -118.283284000356971, 34.061349000405443 ], [ -118.284358999932834, 34.061832999943974 ], [ -118.291638000336334, 34.061792999859911 ], [ -118.29166200039279, 34.069051999764007 ], [ -118.285815000527549, 34.068986000115586 ] ] ] } },
{ "type": "Feature", "properties": { "tract_fips": "06037197700", "temp_max_15h": 29.70405, "temp_max_22h": 19.45475, "exceedance_hours_30C": 54.61264225352113, "persistence_max_hours": 10.4737, "peak_hour_mode": 16.0, "elevation_m": 109.66921191113461, "distance_to_coast_km": 24.077818733816205, "pop_over_65_pct": 13.8, "median_income": 54759.0, "pop_density": 7633.4058718290471, "impervious_surface_pct": 66.243855011675834, "approx_location": "Los Angeles", "n_tiles": 71, "tract_area_km2": 0.69850864601313212, "CIscoreP": 91.28845184, "pollution_burden_pctl": 98.08338519, "population_char_pctl": 67.04488149 }, "geometry": { "type": "Polygon", "coordinates": [ [ [ -118.247058999880991, 34.072419999997948 ], [ -118.245635000504834, 34.070983000456195 ], [ -118.24516499950515, 34.071279999603227 ], [ -118.244795000213202, 34.071264999897984 ], [ -118.24044599958745, 34.069313000154793 ], [ -118.240363000331826, 34.06853199969563 ], [ -118.239816999639771, 34.068248999745371 ], [ -118.238002999504488, 34.069003000420487 ], [ -118.23731100004288, 34.069650000360809 ], [ -118.237016999989763, 34.069080000367656 ], [ -118.237062999933173, 34.068449999960009 ], [ -118.242915000228038, 34.065417999754466 ], [ -118.24597099975044, 34.064568999933719 ], [ -118.247501999869613, 34.063675999870526 ], [ -118.24928599977288, 34.065342000299857 ], [ -118.250433000407327, 34.069219999996051 ], [ -118.250674999926645, 34.071957999950875 ], [ -118.251971999710548, 34.074193999914392 ], [ -118.251725999953564, 34.074322000425873 ], [ -118.251440000364965, 34.074238000240342 ], [ -118.249684999912731, 34.07347999999643 ], [ -118.247832000354592, 34.072630000240267 ], [ -118.247950999543292, 34.072434999942352 ], [ -118.247058999880991, 34.072419999997948 ] ] ] } },
{ "type": "Feature", "properties": { "tract_fips": "06037197600", "temp_max_15h": 29.222, "temp_max_22h": 19.17693, "exceedance_hours_30C": 41.702258974358976, "persistence_max_hours": 6.2087, "peak_hour_mode": 16.0, "elevation_m": 111.29583470622178, "distance_to_coast_km": 23.523193564464677, "pop_over_65_pct": 9.4, "median_income": 74038.0, "pop_density": 5522.6400305482084, "impervious_surface_pct": 66.231741989153036, "approx_location": "Los Angeles", "n_tiles": 39, "tract_area_km2": 0.39220372648205909, "CIscoreP": 71.94906707, "pollution_burden_pctl": 97.24953329, "population_char_pctl": 41.65405951 }, "geometry": { "type": "Polygon", "coordinates": [ [ [ -118.247501999869613, 34.063675999870526 ], [ -118.248822000103857, 34.062513000319598 ], [ -118.250375999864133, 34.064098999720798 ], [ -118.2541089997857, 34.066766999874247 ], [ -118.256225999502874, 34.067847000337267 ], [ -118.252265000115585, 34.073981000072962 ], [ -118.251971999710548, 34.074193999914392 ], [ -118.250674999926645, 34.071957999950875 ], [ -118.250433000407327, 34.069219999996051 ], [ -118.24928599977288, 34.065342000299857 ], [ -118.247501999869613, 34.063675999870526 ] ] ] } },
{ "type": "Feature", "properties": { "tract_fips": "06037197420", "temp_max_15h": 29.353145, "temp_max_22h": 18.64673, "exceedance_hours_30C": 44.664365, "persistence_max_hours": 8.0374, "peak_hour_mode": 16.0, "elevation_m": 133.0651016696323, "distance_to_coast_km": 23.587940246706555, "pop_over_65_pct": 10.8, "median_income": 65438.0, "pop_density": 5753.29171375436, "impervious_surface_pct": 59.354975232047146, "approx_location": "Los Angeles", "n_tiles": 60, "tract_area_km2": 0.61947145691910022, "CIscoreP": 85.86737267, "pollution_burden_pctl": 93.47853143, "population_char_pctl": 67.48613212 }, "geometry": { "type": "Polygon", "coordinates": [ [ [ -118.259351937695513, 34.08890897261351 ], [ -118.257152999697198, 34.087952999655066 ], [ -118.256882000125202, 34.088397000444424 ], [ -118.251778000170432, 34.086180999951409 ], [ -118.253587000266847, 34.084741999556357 ], [ -118.254240999673343, 34.083745000313549 ], [ -118.254451000427096, 34.083156000440312 ], [ -118.254654999893162, 34.081060999987066 ], [ -118.257339999963406, 34.076759000355672 ], [ -118.260459000339594, 34.07811400040881 ], [ -118.259989999775357, 34.085489999825654 ], [ -118.259351937695513, 34.08890897261351 ] ] ] } },
{ "type": "Feature", "properties": { "tract_fips": "06037197500", "temp_max_15h": 29.113375, "temp_max_22h": 19.2029, "exceedance_hours_30C": 40.411792424242428, "persistence_max_hours": 4.9987, "peak_hour_mode": 16.0, "elevation_m": 116.44327688661001, "distance_to_coast_km": 23.171888436433488, "pop_over_65_pct": 9.0, "median_income": 75571.0, "pop_density": 6124.0736236083712, "impervious_surface_pct": 58.717247588885748, "approx_location": "Los Angeles", "n_tiles": 66, "tract_area_km2": 0.6391170715047394, "CIscoreP": 86.04387292, "pollution_burden_pctl": 96.4903547, "population_char_pctl": 62.35501765 }, "geometry": { "type": "Polygon", "coordinates": [ [ [ -118.252265000115585, 34.073981000072962 ], [ -118.256225999502874, 34.067847000337267 ], [ -118.261214000460868, 34.069617000114654 ], [ -118.261751000283098, 34.07278799981399 ], [ -118.261571000234142, 34.075679000086005 ], [ -118.260459000339594, 34.07811400040881 ], [ -118.252731999924777, 34.0747569995535 ], [ -118.251971999710548, 34.074193999914392 ], [ -118.252265000115585, 34.073981000072962 ] ] ] } },
{ "type": "Feature", "properties": { "tract_fips": "06037226002", "temp_max_15h": 29.34048, "temp_max_22h": 19.55395, "exceedance_hours_30C": 45.655692737430165, "persistence_max_hours": 5.47, "peak_hour_mode": 2.0, "elevation_m": 92.714043211348312, "distance_to_coast_km": 23.120133360639468, "pop_over_65_pct": 5.7, "median_income": 37643.0, "pop_density": 709.66067480453989, "impervious_surface_pct": 96.594030188650265, "approx_location": "Los Angeles", "n_tiles": 179, "tract_area_km2": 2.5646059653809594, "CIscoreP": 99.72264246, "pollution_burden_pctl": 99.76353454, "population_char_pctl": 90.40595058 }, "geometry": { "type": "Polygon", "coordinates": [ [ [ -118.242512000397809, 34.023624000037778 ], [ -118.243999999762565, 34.023639000087719 ], [ -118.245717000024868, 34.023999000232401 ], [ -118.256838999671857, 34.029891999668173 ], [ -118.259997000127484, 34.031129000348905 ], [ -118.254650999937553, 34.037731000085806 ], [ -118.252710000331945, 34.03947499994036 ], [ -118.254092999697164, 34.040735999766333 ], [ -118.250412000296478, 34.043259999755627 ], [ -118.238610999597554, 34.034982999570737 ], [ -118.239245000022819, 34.024568000065891 ], [ -118.240882999784006, 34.023932000316897 ], [ -118.242512000397809, 34.023624000037778 ] ] ] } },
{ "type": "Feature", "properties": { "tract_fips": "06037980010", "temp_max_15h": 29.90067, "temp_max_22h": 19.4618, "exceedance_hours_30C": 61.936659374999998, "persistence_max_hours": 10.7348, "peak_hour_mode": 16.0, "elevation_m": 122.30865691358882, "distance_to_coast_km": 25.023807696354034, "pop_over_65_pct": 48.4, "median_income": 19167.0, "pop_density": 24.771891638305725, "impervious_surface_pct": 32.113036896493114, "approx_location": "Los Angeles", "n_tiles": 384, "tract_area_km2": 3.8349917473842758, "CIscoreP": 87.60716087, "pollution_burden_pctl": 99.07902925, "population_char_pctl": 56.45486636 }, "geometry": { "type": "Polygon", "coordinates": [ [ [ -118.226553000186257, 34.079733000141466 ], [ -118.224792999667159, 34.07197400022519 ], [ -118.227072999828408, 34.071775000081082 ], [ -118.22912700011112, 34.071333000164415 ], [ -118.2295239999996, 34.072306999567616 ], [ -118.229265000379925, 34.072401000088163 ], [ -118.228818999529494, 34.073091999840322 ], [ -118.229105999573605, 34.074009999743978 ], [ -118.230781999509006, 34.076198000168027 ], [ -118.232031999640114, 34.077654999702631 ], [ -118.232976999471404, 34.078250000430913 ], [ -118.2340179995917, 34.078507000221663 ], [ -118.235839000370945, 34.079291000238577 ], [ -118.23588699969784, 34.076371000322375 ], [ -118.235035000429818, 34.076119000212543 ], [ -118.234974999792627, 34.075487999645638 ], [ -118.234400000352935, 34.075291999797649 ], [ -118.233422000442602, 34.074178000310702 ], [ -118.234759999669777, 34.072696999602272 ], [ -118.236160000505436, 34.069780000411598 ], [ -118.236998999650709, 34.068690999661733 ], [ -118.23731100004288, 34.069650000360809 ], [ -118.238002999504488, 34.069003000420487 ], [ -118.239816999639771, 34.068248999745371 ], [ -118.240363000331826, 34.06853199969563 ], [ -118.24044599958745, 34.069313000154793 ], [ -118.244795000213202, 34.071264999897984 ], [ -118.24516499950515, 34.071279999603227 ], [ -118.245635000504834, 34.070983000456195 ], [ -118.247058999880991, 34.072419999997948 ], [ -118.247950999543292, 34.072434999942352 ], [ -118.247832000354592, 34.072630000240267 ], [ -118.250120999628223, 34.073667999619985 ], [ -118.249669000420255, 34.073675999979734 ], [ -118.249384000205367, 34.074074999707037 ], [ -118.249883999524798, 34.074656000316175 ], [ -118.249892999938922, 34.074959000446697 ], [ -118.250799000544006, 34.076894999607404 ], [ -118.251068999814436, 34.077065999561889 ], [ -118.250915999624269, 34.076999000245557 ], [ -118.251650999599818, 34.080382000252229 ], [ -118.248834000128227, 34.083921999616408 ], [ -118.248823000015037, 34.085275999760256 ], [ -118.24824999976471, 34.085928000077651 ], [ -118.246186999663792, 34.087742000416675 ], [ -118.244641000051757, 34.088350000236076 ], [ -118.243679000103782, 34.089051000088425 ], [ -118.243707000261665, 34.090510000401686 ], [ -118.243904000103015, 34.090702000031506 ], [ -118.243791000252287, 34.09136799959937 ], [ -118.245063999923744, 34.091890000345742 ], [ -118.243074999461868, 34.09367799987367 ], [ -118.244684999988706, 34.095437999642684 ], [ -118.244702000021135, 34.095644999982575 ], [ -118.243822999976445, 34.095615000138288 ], [ -118.238918000007303, 34.090604000366326 ], [ -118.23753600052757, 34.089397999646565 ], [ -118.231709999913832, 34.085700999573952 ], [ -118.228881999748509, 34.083697999745581 ], [ -118.227600999993257, 34.083039999991648 ], [ -118.227235000433652, 34.0812179999959 ], [ -118.226553000186257, 34.079733000141466 ] ] ] } },
{ "type": "Feature", "properties": { "tract_fips": "06037203500", "temp_max_15h": 29.7654, "temp_max_22h": 19.72206, "exceedance_hours_30C": 65.855964285714279, "persistence_max_hours": 10.0008, "peak_hour_mode": 16.0, "elevation_m": 101.30983672994483, "distance_to_coast_km": 26.051124901375115, "pop_over_65_pct": 13.0, "median_income": 41444.0, "pop_density": 1756.1362503620069, "impervious_surface_pct": 81.095510797244586, "approx_location": "Los Angeles", "n_tiles": 84, "tract_area_km2": 1.6553385304817643, "CIscoreP": 99.47049924, "pollution_burden_pctl": 99.34038581, "population_char_pctl": 90.53202219000001 }, "geometry": { "type": "Polygon", "coordinates": [ [ [ -118.214166000304203, 34.05785500011973 ], [ -118.213877000284029, 34.051165999797036 ], [ -118.213975999679064, 34.049572999737386 ], [ -118.215142999823883, 34.05009600004729 ], [ -118.217430999535409, 34.046543000160774 ], [ -118.21987699959945, 34.047634999694161 ], [ -118.221409999755991, 34.048980000231701 ], [ -118.222739000082399, 34.053079999748938 ], [ -118.222907999458798, 34.053144000188567 ], [ -118.223774000112329, 34.052582000447742 ], [ -118.224628000014405, 34.052391000253337 ], [ -118.228533000462789, 34.052981000350101 ], [ -118.226241000254774, 34.055928999842756 ], [ -118.226903999505353, 34.061621999624315 ], [ -118.226747000247869, 34.062246000324492 ], [ -118.215856000180281, 34.06335599995392 ], [ -118.214166000304203, 34.05785500011973 ] ] ] } },
{ "type": "Feature", "properties": { "tract_fips": "06037208402", "temp_max_15h": 29.26334, "temp_max_22h": 19.1774, "exceedance_hours_30C": 43.349442424242426, "persistence_max_hours": 5.2377, "peak_hour_mode": 16.0, "elevation_m": 109.92582837759394, "distance_to_coast_km": 22.287284779309786, "pop_over_65_pct": 8.0, "median_income": 45804.0, "pop_density": 8496.4399870107718, "impervious_surface_pct": 75.375121885571517, "approx_location": "Los Angeles", "n_tiles": 33, "tract_area_km2": 0.3408486383034966, "CIscoreP": 94.59152799, "pollution_burden_pctl": 96.85127567000001, "population_char_pctl": 78.75693394 }, "geometry": { "type": "Polygon", "coordinates": [ [ [ -118.261214000460868, 34.069617000114654 ], [ -118.26086000053381, 34.068137999560228 ], [ -118.263246999999552, 34.068694000193524 ], [ -118.265795000077162, 34.064646000102258 ], [ -118.270301999695604, 34.066679000386927 ], [ -118.266941000043573, 34.071950999683231 ], [ -118.26337300042978, 34.070386000117324 ], [ -118.261214000460868, 34.069617000114654 ] ] ] } },
{ "type": "Feature", "properties": { "tract_fips": "06037208302", "temp_max_15h": 29.19946, "temp_max_22h": 19.14674, "exceedance_hours_30C": 42.020022222222224, "persistence_max_hours": 5.2169, "peak_hour_mode": 16.0, "elevation_m": 108.8424502117967, "distance_to_coast_km": 22.447605755503329, "pop_over_65_pct": 8.1, "median_income": 38365.0, "pop_density": 11941.156690159196, "impervious_surface_pct": 74.774476820622894, "approx_location": "Los Angeles", "n_tiles": 45, "tract_area_km2": 0.44124703633963919, "CIscoreP": 97.70549672, "pollution_burden_pctl": 98.56876167, "population_char_pctl": 83.54765507 }, "geometry": { "type": "Polygon", "coordinates": [ [ [ -118.259646999569171, 34.062003999637348 ], [ -118.259425000042228, 34.061773999629999 ], [ -118.259788999674868, 34.06193899992882 ], [ -118.259734999815137, 34.061285000333406 ], [ -118.261595000351278, 34.058299000330024 ], [ -118.264385999502366, 34.05942100011417 ], [ -118.264758999927523, 34.060575000204288 ], [ -118.265419000115799, 34.061741000113344 ], [ -118.265213999828205, 34.062584999619183 ], [ -118.263752000120476, 34.063724999939048 ], [ -118.265795000077162, 34.064646000102258 ], [ -118.263246999999552, 34.068694000193524 ], [ -118.26086000053381, 34.068137999560228 ], [ -118.259879000210205, 34.06435500009659 ], [ -118.259646999569171, 34.062003999637348 ] ] ] } },
{ "type": "Feature", "properties": { "tract_fips": "06037206032", "temp_max_15h": 29.31501, "temp_max_22h": 19.80325, "exceedance_hours_30C": 62.207554255319153, "persistence_max_hours": 10.6097, "peak_hour_mode": 2.0, "elevation_m": 93.6587679615577, "distance_to_coast_km": 25.450467409049146, "pop_over_65_pct": 16.1, "median_income": 30625.0, "pop_density": 5782.4071300361093, "impervious_surface_pct": 80.559276701020821, "approx_location": "Los Angeles", "n_tiles": 94, "tract_area_km2": 0.98350044749693832, "CIscoreP": 99.49571357000001, "pollution_burden_pctl": 99.46484132, "population_char_pctl": 89.81341402 }, "geometry": { "type": "Polygon", "coordinates": [ [ [ -118.222739000082399, 34.053079999748938 ], [ -118.221409999755991, 34.048980000231701 ], [ -118.21987699959945, 34.047634999694161 ], [ -118.217430999535409, 34.046543000160774 ], [ -118.2183700005085, 34.045069999565442 ], [ -118.218487000010626, 34.043103999568899 ], [ -118.222918999852538, 34.042906999640202 ], [ -118.227418999654176, 34.041574000229325 ], [ -118.228687999719781, 34.041548999664208 ], [ -118.229987999778103, 34.047908000427604 ], [ -118.228533000462789, 34.052981000350101 ], [ -118.224628000014405, 34.052391000253337 ], [ -118.223774000112329, 34.052582000447742 ], [ -118.222907999458798, 34.053144000188567 ], [ -118.222739000082399, 34.053079999748938 ] ] ] } },
{ "type": "Feature", "properties": { "tract_fips": "06037206200", "temp_max_15h": 29.7515, "temp_max_22h": 19.5304, "exceedance_hours_30C": 56.434142622950823, "persistence_max_hours": 10.8996, "peak_hour_mode": 16.0, "elevation_m": 93.599143750258136, "distance_to_coast_km": 23.91505525027458, "pop_over_65_pct": 26.0, "median_income": 23515.0, "pop_density": 6913.7634922659718, "impervious_surface_pct": 91.656372057080574, "approx_location": "Los Angeles", "n_tiles": 61, "tract_area_km2": 0.57870073288964652, "CIscoreP": 98.15935451, "pollution_burden_pctl": 97.94648413, "population_char_pctl": 87.94755421000001 }, "geometry": { "type": "Polygon", "coordinates": [ [ [ -118.238043449190883, 34.05059483135831 ], [ -118.23811200012004, 34.043272999980751 ], [ -118.239700999613277, 34.043788999552831 ], [ -118.239827000015396, 34.041688999871894 ], [ -118.243831000491014, 34.044180999697453 ], [ -118.245641000031341, 34.044809000131423 ], [ -118.247569999562842, 34.046063999984149 ], [ -118.246963000388135, 34.046677999713225 ], [ -118.245504999907396, 34.047705000442896 ], [ -118.244467999665872, 34.048785999808452 ], [ -118.242381999753704, 34.051510999844318 ], [ -118.24085599949305, 34.050404999775637 ], [ -118.240114999965769, 34.051400000366961 ], [ -118.239698000226767, 34.052451000443668 ], [ -118.238038999777373, 34.051069999786087 ], [ -118.238043449190883, 34.05059483135831 ] ] ] } },
{ "type": "Feature", "properties": { "tract_fips": "06037207900", "temp_max_15h": 29.39024, "temp_max_22h": 19.6109, "exceedance_hours_30C": 46.600971111111114, "persistence_max_hours": 5.3154, "peak_hour_mode": 2.0, "elevation_m": 84.035599125322648, "distance_to_coast_km": 22.108823729881372, "pop_over_65_pct": 5.0, "median_income": 92104.0, "pop_density": 7941.5513762743785, "impervious_surface_pct": 90.139044966272564, "approx_location": "Los Angeles", "n_tiles": 90, "tract_area_km2": 0.90183890535502775, "CIscoreP": 61.49773071, "pollution_burden_pctl": 80.27380212, "population_char_pctl": 44.46545638 }, "geometry": { "type": "Polygon", "coordinates": [ [ [ -118.254650999937553, 34.037731000085806 ], [ -118.257221000402154, 34.034562000122705 ], [ -118.260224000323703, 34.036224000043738 ], [ -118.260337000117659, 34.036367999945028 ], [ -118.260184999958284, 34.036556000090947 ], [ -118.264363999905783, 34.038920000374766 ], [ -118.26801400051815, 34.040653000258196 ], [ -118.262823999486827, 34.046186999688736 ], [ -118.261980000179605, 34.046166000346354 ], [ -118.254942999898432, 34.04159900023518 ], [ -118.252710000331945, 34.03947499994036 ], [ -118.254650999937553, 34.037731000085806 ] ] ] } },
{ "type": "Feature", "properties": { "tract_fips": "06037188100", "temp_max_15h": 29.85943, "temp_max_22h": 18.91271, "exceedance_hours_30C": 43.508776258992803, "persistence_max_hours": 10.4264, "peak_hour_mode": 16.0, "elevation_m": 159.35578985610098, "distance_to_coast_km": 25.185717778772855, "pop_over_65_pct": 10.4, "median_income": 62500.0, "pop_density": 1847.585992220042, "impervious_surface_pct": 73.233014581277118, "approx_location": "Los Angeles", "n_tiles": 139, "tract_area_km2": 2.1206049496468458, "CIscoreP": 82.57690368, "pollution_burden_pctl": 99.75108899, "population_char_pctl": 45.83963691 }, "geometry": { "type": "Polygon", "coordinates": [ [ [ -118.269593999885956, 34.12275199988035 ], [ -118.270071000216532, 34.122066000440043 ], [ -118.272408000205346, 34.127518000092344 ], [ -118.278011000519825, 34.147231999573933 ], [ -118.278183000159189, 34.14802900016408 ], [ -118.278337000212062, 34.153205000406153 ], [ -118.27561300009026, 34.15326099978585 ], [ -118.26347300022347, 34.129672999897259 ], [ -118.261872999844968, 34.126936999816841 ], [ -118.269051000363405, 34.123200999890187 ], [ -118.269593999885956, 34.12275199988035 ] ] ] } }
]
}
